group,count,before_mean_deltaE,root_mean_deltaE,final_mean_deltaE,final_max_deltaE,classification_acc,harm_rate
W001-W016,16,12.863683193476305,10.046163912206737,10.558528427152783,13.723253584219949,0.0,0.0
W017-W032,16,14.75157676773226,14.232079470616778,14.787418316187779,18.651082999554944,0.0,0.625
W033-W048,16,14.61743835194821,14.084095377156531,14.602177829517519,16.960398318787508,0.0,0.6875
W049-W064,16,12.78518528071463,13.147710925694003,13.632314437537236,18.24329388696488,0.0,0.8125
W065-W080,16,13.694838258466671,11.651118077003387,12.086302916764957,15.99014986454252,0.0,0.1875
W081-W096,16,11.571132587365222,6.270648957628451,6.569995707506651,10.166095489632937,0.0625,0.0625
W097-W112,16,11.086771289025744,11.843890299690205,11.930143264394069,17.035879498076497,0.0,0.9375
W113-W128,16,13.0547652433044,10.08029657414916,9.967182730319701,17.268633134509173,0.0,0.0
