{
  "input": {
    "photo": "board3.jpg",
    "standard": "standard_chart.png",
    "library": "output_128\\glue_visual_library\\glue_visual_library.csv",
    "mapping": "output_128\\glue_visual_library\\visual_mapping_T_poly2\\visual_mapping_T.json"
  },
  "colorchecker_model": {
    "model_type": "root_poly2",
    "ridge_alpha": 1e-06,
    "correction_strength": 1.0,
    "chart_deltaE": {
      "before": {
        "mean": 6.377196019172955,
        "median": 6.323130804363007,
        "max": 13.61704982428921,
        "p95": 12.602196381918338
      },
      "after": {
        "mean": 2.6871221869209356,
        "median": 2.0233915009702663,
        "max": 8.716341669253497,
        "p95": 5.265729280181686
      },
      "before_deltaE": [
        8.756981798092237,
        3.980809546021457,
        8.038823939546267,
        7.649465551975844,
        4.007831058874404,
        1.8567456512917735,
        7.048506290125773,
        6.992044010056467,
        6.263396534996041,
        11.676564143069578,
        4.200318543343384,
        5.365727267244094,
        7.967814265717138,
        6.805537406480659,
        5.214261216739908,
        1.4189672686613255,
        4.579094471703328,
        6.382865073729974,
        2.4695269757844946,
        1.5930407270365534,
        3.1883787613999175,
        11.213410886373554,
        13.61704982428921,
        12.765543247597533
      ],
      "after_deltaE": [
        5.157638241695965,
        2.4475743608329856,
        2.491242000047588,
        4.8710466795141345,
        1.149298421264438,
        1.450878655060693,
        1.426059673263559,
        1.4878221721345302,
        1.1349307243329039,
        8.716341669253497,
        1.2277716986640108,
        1.4469337566776024,
        5.284804169326225,
        2.3914035958039377,
        4.526021462928463,
        1.5718270445891198,
        0.469174516980566,
        2.8149865440104285,
        1.2883977168523275,
        1.732368887661376,
        0.5866975938433552,
        4.081273250713128,
        2.3144141142791566,
        4.422025536372459
      ]
    }
  },
  "board": {
    "roi_xyxy": [
      371,
      3208,
      566,
      3660
    ],
    "corrected_rgb": [
      229.15481426031627,
      191.56589002214528,
      42.50538036867222
    ],
    "corrected_lab": [
      78.67487942993465,
      -0.33347191613530835,
      72.94768364823202
    ],
    "visual_lab": [
      78.67487942993465,
      3.1435236862410774,
      64.69698775464988
    ],
    "visual_rgb": [
      233.0,
      190.0,
      67.0
    ],
    "display_lab": [
      83.67487942993465,
      3.2863475019290234,
      63.96213836691739
    ],
    "display_rgb": [
      248.0,
      203.0,
      83.0
    ],
    "display_adjust": {
      "l_offset": 5.0,
      "chroma_scale": 0.95,
      "chroma_offset": 0.0,
      "a_offset": 0.3,
      "b_offset": 2.5,
      "chroma_max": 80.0
    }
  },
  "mapping_info": {
    "version": "visual_mapping_T_custom",
    "feature_mode": "poly2",
    "L_mode": "identity",
    "ridge_alpha": 1e-06
  },
  "topk": [
    {
      "code": "W022",
      "name": "金黄色",
      "deltaE_match": 8.344398003843553,
      "visual_display_L": 67.53613033916993,
      "visual_display_a": 4.17672746190223,
      "visual_display_b": 66.47635878362081,
      "visual_crop_path": "output_128/glue_visual_library/visual_crops/W022_金黄色.png",
      "machine_L": "76.66",
      "machine_a": "5.95",
      "machine_b": "62.6",
      "standard_L": "76.66",
      "standard_a": "5.95",
      "standard_b": "62.6",
      "rank": 1
    },
    {
      "code": "W110",
      "name": "象牙黄",
      "deltaE_match": 12.708606921299605,
      "visual_display_L": 84.45803044177042,
      "visual_display_a": 0.8755649125036236,
      "visual_display_b": 27.592878906713626,
      "visual_crop_path": "output_128/glue_visual_library/visual_crops/W110_象牙黄.png",
      "machine_L": "81.06",
      "machine_a": "1.66",
      "machine_b": "28.57",
      "standard_L": "81.06",
      "standard_a": "1.66",
      "standard_b": "28.57",
      "rank": 2
    },
    {
      "code": "W105",
      "name": "淡象牙黄",
      "deltaE_match": 14.216058836053955,
      "visual_display_L": 86.1966831803586,
      "visual_display_a": -1.0721308877463254,
      "visual_display_b": 25.327703552865422,
      "visual_crop_path": "output_128/glue_visual_library/visual_crops/W105_淡象牙黄.png",
      "machine_L": "85.85",
      "machine_a": "-0.86",
      "machine_b": "25.87",
      "standard_L": "85.85",
      "standard_a": "-0.86",
      "standard_b": "25.87",
      "rank": 3
    },
    {
      "code": "W032",
      "name": "柠檬黄",
      "deltaE_match": 14.22840597700633,
      "visual_display_L": 70.71843926154939,
      "visual_display_a": -6.260149277639071,
      "visual_display_b": 30.88900007303028,
      "visual_crop_path": "output_128/glue_visual_library/visual_crops/W032_柠檬黄.png",
      "machine_L": "82.78",
      "machine_a": "-5.38",
      "machine_b": "30.47",
      "standard_L": "82.78",
      "standard_a": "-5.38",
      "standard_b": "30.47",
      "rank": 4
    },
    {
      "code": "W112",
      "name": "土黄色",
      "deltaE_match": 14.331539304899065,
      "visual_display_L": 66.08192371792387,
      "visual_display_a": 5.19152508977494,
      "visual_display_b": 32.052527055813826,
      "visual_crop_path": "output_128/glue_visual_library/visual_crops/W112_土黄色.png",
      "machine_L": "65.15",
      "machine_a": "5.86",
      "machine_b": "31.84",
      "standard_L": "65.15",
      "standard_a": "5.86",
      "standard_b": "31.84",
      "rank": 5
    },
    {
      "code": "W108",
      "name": "棕米黄",
      "deltaE_match": 14.847941314568185,
      "visual_display_L": 78.86342707733726,
      "visual_display_a": -0.007394546605477004,
      "visual_display_b": 21.33216261355546,
      "visual_crop_path": "output_128/glue_visual_library/visual_crops/W108_棕米黄.png",
      "machine_L": "76.75",
      "machine_a": "0.93",
      "machine_b": "22.21",
      "standard_L": "76.75",
      "standard_a": "0.93",
      "standard_b": "22.21",
      "rank": 6
    },
    {
      "code": "W111",
      "name": "沙黄色",
      "deltaE_match": 15.063436737235918,
      "visual_display_L": 80.91639955518546,
      "visual_display_a": 0.8272882749115751,
      "visual_display_b": 20.894267196890336,
      "visual_crop_path": "output_128/glue_visual_library/visual_crops/W111_沙黄色.png",
      "machine_L": "75.8",
      "machine_a": "1.6",
      "machine_b": "21.42",
      "standard_L": "75.8",
      "standard_a": "1.6",
      "standard_b": "21.42",
      "rank": 7
    },
    {
      "code": "W027",
      "name": "木纹黄",
      "deltaE_match": 15.350168863548225,
      "visual_display_L": 64.1860383435628,
      "visual_display_a": -6.766066252947289,
      "visual_display_b": 38.56977975195694,
      "visual_crop_path": "output_128/glue_visual_library/visual_crops/W027_木纹黄.png",
      "machine_L": "80.57",
      "machine_a": "-7.4",
      "machine_b": "43.2",
      "standard_L": "80.57",
      "standard_a": "-7.4",
      "standard_b": "43.2",
      "rank": 8
    },
    {
      "code": "W113",
      "name": "暗黄",
      "deltaE_match": 15.453039686247775,
      "visual_display_L": 66.12450884406238,
      "visual_display_a": 0.2223094184480301,
      "visual_display_b": 27.358395057746108,
      "visual_crop_path": "output_128/glue_visual_library/visual_crops/W113_暗黄.png",
      "machine_L": "69.87",
      "machine_a": "0.63",
      "machine_b": "27.6",
      "standard_L": "69.87",
      "standard_a": "0.63",
      "standard_b": "27.6",
      "rank": 9
    },
    {
      "code": "W028",
      "name": "荧光色",
      "deltaE_match": 15.760835505943465,
      "visual_display_L": 62.852318022253144,
      "visual_display_a": -3.6919517725567674,
      "visual_display_b": 35.931734657202256,
      "visual_crop_path": "output_128/glue_visual_library/visual_crops/W028_荧光色.png",
      "machine_L": "75.73",