group,count,before_mean_deltaE,root_mean_deltaE,final_mean_deltaE,final_max_deltaE,classification_acc,harm_rate
W001-W016,16,17.709769441493695,10.73668683529997,11.10732262113002,20.53148165165959,0.0625,0.125
W017-W032,16,20.973678304160103,13.821115354338641,14.344220912441063,24.567277421239222,0.1875,0.1875
W033-W048,16,19.591477271841605,11.796066172565586,12.299592586483895,22.738209323237623,0.1875,0.3125
W049-W064,16,20.700689491517537,12.362566507662974,12.652502515016385,24.45918693346629,0.0625,0.25
W065-W080,16,18.193432993392427,7.391749073927496,7.635911856741583,17.10751474474564,0.0,0.0
W081-W096,16,18.50586816087599,5.893850213112298,6.318929172461776,22.929600986978986,0.0625,0.0
W097-W112,16,18.2578744091741,12.072125906526797,12.288849290549203,25.12565145756997,0.125,0.3125
W113-W128,16,19.353667227381116,7.664431341626651,7.682768343838917,20.397450270218073,0.25,0.125
