group,count,before_mean_deltaE,root_mean_deltaE,final_mean_deltaE,final_max_deltaE,classification_acc,harm_rate
W001-W016,16,15.268506809422203,12.363906117278944,12.90047008090874,17.09794461277868,0.0,0.0
W017-W032,16,20.59809051779328,19.366377085134836,19.779196998525496,25.001742922138288,0.0,0.3125
W033-W048,16,19.542866920150765,18.643548817127993,18.91599548810982,23.266574912146808,0.0,0.375
W049-W064,16,16.102543806999563,16.64682192815611,16.82364645748811,22.985577620964335,0.0,0.75
W065-W080,16,16.53391677695558,14.706914825767239,14.623732931798562,19.73742302337511,0.0,0.3125
W081-W096,16,11.289076119697947,6.925763740283312,6.66484151208433,10.637860186090347,0.0625,0.0625
W097-W112,16,9.05118458748335,10.172061473327583,9.622058840915905,14.49967518616123,0.0,0.875
W113-W128,16,10.865735929824442,8.796049374717057,7.972501181577167,12.648884088966662,0.0625,0.0
