{
  "input": {
    "photo": "board.jpg",
    "standard": "standard_chart.png",
    "library": "output_128\\glue_visual_library\\glue_visual_library.csv",
    "mapping": "output_128\\glue_visual_library\\visual_mapping_T_poly2\\visual_mapping_T.json"
  },
  "colorchecker_model": {
    "model_type": "root_poly2",
    "ridge_alpha": 1e-06,
    "correction_strength": 1.0,
    "chart_deltaE": {
      "before": {
        "mean": 9.46959250854957,
        "median": 9.793198559959155,
        "max": 13.533507598043792,
        "p95": 12.794823890086494
      },
      "after": {
        "mean": 2.9829739664516843,
        "median": 2.124137065867347,
        "max": 9.214173736025304,
        "p95": 6.012992455289659
      },
      "before_deltaE": [
        11.000066428986162,
        9.91203021836952,
        11.852501127641586,
        10.619189177692636,
        9.805470487573697,
        6.1963790805979055,
        11.58025172266036,
        8.686845408869528,
        9.997282904655682,
        12.084854940489093,
        9.148175507769897,
        9.780926632344613,
        9.517136209779713,
        11.220438505601667,
        7.266399004544049,
        5.934587782437412,
        7.319849000411987,
        8.328725534937794,
        5.802354436259127,
        4.751910719145535,
        8.130974488436784,
        13.533507598043792,
        12.920112528250744,
        11.880250759690368
      ],
      "after_deltaE": [
        5.170862487534767,
        3.710512201845473,
        2.9319296171945846,
        5.115284309524478,
        2.5445719937979914,
        1.2574658607665217,
        1.6684341379260212,
        2.0563257591517643,
        1.538208106628175,
        9.214173736025304,
        1.9949201477485772,
        1.6607817137828136,
        5.70968587531612,
        2.1919483725829294,
        6.066517145873226,
        1.4576930708021134,
        0.7110285170998906,
        3.340485784146511,
        1.5507836753109931,
        1.2234877863427118,
        1.4521219326075967,
        3.1811876777093056,
        0.1658640145167895,
        5.677101270605772
      ]
    }
  },
  "board": {
    "roi_xyxy": [
      852,
      814,
      1299,
      1276
    ],
    "corrected_rgb": [
      228.335664572694,
      229.7681847968545,
      225.1441395128124
    ],
    "corrected_lab": [
      90.98837866030604,
      -1.3019371791376244,
      2.0790184298567382
    ],
    "visual_lab": [
      90.98837866030604,
      -1.8149359209950446,
      9.003376103485385
    ],
    "visual_rgb": [
      233.0,
      230.0,
      212.0
    ],
    "display_lab": [
      93.48837866030604,
      -1.8875333578348465,
      9.3635111476248
    ],
    "display_rgb": [
      240.0,
      237.0,
      218.0
    ],
    "display_adjust": {
      "l_offset": 2.5,
      "chroma_scale": 1.04
    }
  },
  "mapping_info": {
    "version": "visual_mapping_T_custom",
    "feature_mode": "poly2",
    "L_mode": "identity",
    "ridge_alpha": 1e-06
  },
  "topk": [
    {
      "code": "W102",
      "name": "哑白",
      "deltaE_match": 3.7450249837610396,
      "visual_display_L": 85.62726113658015,
      "visual_display_a": -1.6952076684824124,
      "visual_display_b": 11.17879445232286,
      "visual_crop_path": "output_128/glue_visual_library/visual_crops/W102_哑白.png",
      "machine_L": "89.17",
      "machine_a": "-1.43",
      "machine_b": "12.08",
      "standard_L": "89.17",
      "standard_a": "-1.43",
      "standard_b": "12.08",
      "rank": 1
    },
    {
      "code": "W099",
      "name": "浅灰白",
      "deltaE_match": 4.319145913249655,
      "visual_display_L": 85.4979777476182,
      "visual_display_a": -1.3153318474383169,
      "visual_display_b": 12.492847777255122,
      "visual_crop_path": "output_128/glue_visual_library/visual_crops/W099_浅灰白.png",
      "machine_L": "83.97",
      "machine_a": "-0.97",
      "machine_b": "13.52",
      "standard_L": "83.97",
      "standard_a": "-0.97",
      "standard_b": "13.52",
      "rank": 2
    },
    {
      "code": "W100",
      "name": "爵士白",
      "deltaE_match": 4.757939791094999,
      "visual_display_L": 83.67487169555967,
      "visual_display_a": -2.2186052313062365,
      "visual_display_b": 9.85077762241362,
      "visual_crop_path": "output_128/glue_visual_library/visual_crops/W100_爵士白.png",
      "machine_L": "91.72",
      "machine_a": "-1.45",
      "machine_b": "10.39",
      "standard_L": "91.72",
      "standard_a": "-1.45",
      "standard_b": "10.39",
      "rank": 3
    },
    {
      "code": "W106",
      "name": "浅象牙黄",
      "deltaE_match": 5.4653687412140455,
      "visual_display_L": 87.33241860760857,
      "visual_display_a": -1.9918168863899965,
      "visual_display_b": 16.774891723028574,
      "visual_crop_path": "output_128/glue_visual_library/visual_crops/W106_浅象牙黄.png",
      "machine_L": "88.61",
      "machine_a": "-0.94",
      "machine_b": "18.01",
      "standard_L": "88.61",
      "standard_a": "-0.94",
      "standard_b": "18.01",
      "rank": 4
    },
    {
      "code": "W098",
      "name": "星光白",
      "deltaE_match": 5.584763952271471,
      "visual_display_L": 85.36603765863202,
      "visual_display_a": -0.7226336976547953,
      "visual_display_b": 3.689077451460898,
      "visual_crop_path": "output_128/glue_visual_library/visual_crops/W098_星光白.png",
      "machine_L": "83.58",
      "machine_a": "0.04",
      "machine_b": "3.94",
      "standard_L": "83.58",
      "standard_a": "0.04",
      "standard_b": "3.94",
      "rank": 5
    },
    {
      "code": "W107",
      "name": "淡米黄",
      "deltaE_match": 5.960938124589027,
      "visual_display_L": 86.50563472890808,
      "visual_display_a": -3.437171457988497,
      "visual_display_b": 17.118481980683796,
      "visual_crop_path": "output_128/glue_visual_library/visual_crops/W107_淡米黄.png",
      "machine_L": "81.03",
      "machine_a": "-2.59",
      "machine_b": "17.51",
      "standard_L": "81.03",
      "standard_a": "-2.59",
      "standard_b": "17.51",
      "rank": 6
    },
    {
      "code": "W103",
      "name": "浅米白",
      "deltaE_match": 6.330044216737247,
      "visual_display_L": 83.07122953876193,
      "visual_display_a": -0.36091574219010436,
      "visual_display_b": 13.612236394645771,
      "visual_crop_path": "output_128/glue_visual_library/visual_crops/W103_浅米白.png",
      "machine_L": "89.39",
      "machine_a": "-0.3",
      "machine_b": "15.06",
      "standard_L": "89.39",
      "standard_a": "-0.3",
      "standard_b": "15.06",
      "rank": 7
    },
    {
      "code": "W109",
      "name": "米黄",
      "deltaE_match": 7.507343617552665,
      "visual_display_L": 86.2937369777445,
      "visual_display_a": -1.8485193322348437,
      "visual_display_b": 20.32347543840092,
      "visual_crop_path": "output_128/glue_visual_library/visual_crops/W109_米黄.png",
      "machine_L": "78.87",
      "machine_a": "-0.71",
      "machine_b": "19.95",
      "standard_L": "78.87",
      "standard_a": "-0.71",
      "standard_b": "19.95",
      "rank": 8
    },
    {
      "code": "W097",
      "name": "象牙白",
      "deltaE_match": 7.727951683362479,
      "visual_display_L": 85.22074473971495,
      "visual_display_a": -2.4037783615079578,
      "visual_display_b": 20.226755787634907,
      "visual_crop_path": "output_128/glue_visual_library/visual_crops/W097_象牙白.png",
      "machine_L": "87.44",
      "machine_a": "-1.69",
      "machine_b": "20.47",
      "standard_L": "87.44",
      "standard_a": "-1.69",
      "standard_b": "20.47",
      "rank": 9
    },
    {
      "code": "W101",
      "name": "米色",
      "deltaE_match": 8.799123784935974,
      "visual_display_L": 79.26360752764981,
      "visual_display_a": 1.201569891129406,
      "visual_display_b": 7.569337990188862,
      "visual_crop_path": "output_128/glue_visual_library/visual_crops/W101_米色.png",
      "machine_L": "80.46",
      "machine_a": "1.15",
      "machine_b": "8.0",
      "standard_L": "80.46",
      "standard_a": "1.15",