{
  "input": {
    "photo": "pic_all.jpg",
    "standard_chart": "standard_chart.png",
    "standards_csv": "data.csv",
    "standards_count": 128
  },
  "note": "best 是按本批次已输入胶块标准编号优化出来的最小E效果；正式上线时 Lab shift 建议改为灰阶色卡/历史样本估计。",
  "chart": {
    "corners": [
      [
        2389.52001953125,
        633.0800170898438
      ],
      [
        3493.840087890625,
        666.4000244140625
      ],
      [
        3465.280029296875,
        1404.199951171875
      ],
      [
        2337.159912109375,
        1328.0400390625
      ]
    ],
    "before_mean_deltaE": 6.689851441411993,
    "before_max_deltaE": 11.237452880999058
  },
  "best_candidate": {
    "candidate_id": 2,
    "model": "root_poly2",
    "ridge_alpha": 1e-06,
    "chart_weight_mode": "none",
    "lab_shift_mode": "Lb",
    "k": 0.5,
    "shift_L": -3.1776670916873555,
    "shift_a": 0.0,
    "shift_b": 6.342957917889547,
    "target_mean_deltaE": 8.370820042408093,
    "target_median_deltaE": 7.024972009608435,
    "target_max_deltaE": 13.626654457505811,
    "target_p95_deltaE": 13.477098778202816,
    "target_std_deltaE": 3.725700949055481,
    "classification_acc": 0.16666666666666666,
    "chart_before_mean_deltaE": 6.689851441411993,
    "chart_after_mean_deltaE": 5.47260951428995,
    "chart_after_max_deltaE": 9.200161853787433,
    "mean_residual_L_before_shift": 6.355334183374711,
    "mean_residual_a_before_shift": -15.056516254638126,
    "mean_residual_b_before_shift": -12.685915835779094
  },
  "best_target_results": [
    {
      "idx": 1,
      "code": "W001",
      "name": "大红",
      "roi": [
        276,
        1371,
        566,
        1623
      ],
      "standard_lab": [
        44.5,
        46.99,
        19.2
      ],
      "before_lab": [
        41.9555,
        34.3106,
        8.9647
      ],
      "after_lab": [
        55.2065,
        27.3634,
        14.1488
      ],
      "before_deltaE": 6.657835092529769,
      "after_deltaE": 13.028431740293833,
      "improvement": -6.370596647764064,
      "delta_lab_after": [
        10.7065,
        -19.6266,
        -5.0512
      ],
      "pred_code": "W016",
      "pred_name": "橙红色",
      "pred_deltaE": 7.391298533407312,
      "correct": false,
      "nearest_after": [
        {
          "code": "W016",
          "name": "橙红色",
          "lab": [
            52.79,
            33.02,
            27.21
          ],
          "delta_e_2000": 7.391298533407312
        },
        {
          "code": "W012",
          "name": "暗红",
          "lab": [
            45.58,
            23.02,
            17.15
          ],
          "delta_e_2000": 10.318061949133881
        },
        {
          "code": "W007",
          "name": "深桔红",
          "lab": [
            47.06,
            44.97,
            26.33
          ],
          "delta_e_2000": 11.09826076860726
        }
      ]
    },
    {
      "idx": 2,
      "code": "W002",
      "name": "正红",
      "roi": [
        600,
        1376,
        890,
        1609
      ],
      "standard_lab": [
        39.73,
        39.58,
        14.35
      ],
      "before_lab": [
        38.35,
        23.241,
        4.6725
      ],
      "after_lab": [
        43.7893,
        23.039,
        12.0883
      ],
      "before_deltaE": 8.175339479073658,
      "after_deltaE": 8.01270362071729,
      "improvement": 0.16263585835636896,
      "delta_lab_after": [
        4.0593,
        -16.541,
        -2.2617
      ],
      "pred_code": "W009",
      "pred_name": "深木纹",
      "pred_deltaE": 0.6875258238849553,
      "correct": false,
      "nearest_after": [
        {
          "code": "W009",
          "name": "深木纹",
          "lab": [
            43.21,
            22.58,
            11.43
          ],
          "delta_e_2000": 0.6875258238849553
        },
        {
          "code": "W012",
          "name": "暗红",
          "lab": [
            45.58,
            23.02,
            17.15
          ],
          "delta_e_2000": 3.8136457539773025
        },
        {
          "code": "W006",
          "name": "砖红",
          "lab": [
            40.4,
            29.93,
            18.27
          ],
          "delta_e_2000": 5.116932074682124
        }
      ]
    },
    {
      "idx": 3,
      "code": "W003",
      "name": "中国红",
      "roi": [
        904,
        1376,
        1247,
        1633
      ],
      "standard_lab": [
        43.52,
        53.88,
        20.92
      ],
      "before_lab": [
        47.9216,
        27.5943,
        4.0649
      ],
      "after_lab": [
        53.0808,
        26.5546,
        13.2396
      ],
      "before_deltaE": 12.28503002216384,
      "after_deltaE": 13.626654457505811,
      "improvement": -1.3416244353419717,
      "delta_lab_after": [
        9.5608,
        -27.3254,
        -7.6804
      ],
      "pred_code": "W016",
      "pred_name": "橙红色",
      "pred_deltaE": 7.542201330770037,
      "correct": false,
      "nearest_after": [
        {
          "code": "W016",
          "name": "橙红色",
          "lab": [
            52.79,
            33.02,
            27.21
          ],
          "delta_e_2000": 7.542201330770037
        },
        {
          "code": "W012",
          "name": "暗红",
          "lab": [
            45.58,
            23.02,
            17.15
          ],
          "delta_e_2000": 8.436996480316049
        },
        {
          "code": "W009",
          "name": "深木纹",
          "lab": [
            43.21,
            22.58,
            11.43
          ],
          "delta_e_2000": 9.974055986678572
        }
      ]
    },
    {
      "idx": 4,
      "code": "W017",
      "name": "橙黄",
      "roi": [
        257,
        1714,
        557,
        1961
      ],
      "standard_lab": [
        58.99,
        39.33,
        43.26
      ],
      "before_lab": [
        52.4779,
        24.6041,
        24.0163
      ],
      "after_lab": [
        56.1961,
        26.1862,
        33.2944
      ],
      "before_deltaE": 10.065566040043056,
      "after_deltaE": 6.03724039849958,
      "improvement": 4.028325641543476,
      "delta_lab_after": [
        -2.7939,
        -13.1438,
        -9.9656
      ],
      "pred_code": "W011",
      "pred_name": "深暗黄",
      "pred_deltaE": 5.4448503854646955,
      "correct": false,
      "nearest_after": [
        {
          "code": "W011",
          "name": "深暗黄",
          "lab": [
            54.47,
            16.8,
            29.38
          ],
          "delta_e_2000": 5.4448503854646955
        },
        {
          "code": "W017",
          "name": "橙黄",
          "lab": [
            58.99,
            39.33,
            43.26
          ],
          "delta_e_2000": 6.03724039849958
        },
        {
          "code": "W016",
          "name": "橙红色",
          "lab": [
            52.79,
            33.02,
            27.21
          ],
          "delta_e_2000": 7.180237991424841
        }
      ]
    },
    {
      "idx": 5,
      "code": "W018",
      "name": "浅红",
      "roi": [
        566,
        1709,
        876,
        1942
      ],
      "standard_lab": [
        64.88,
        18.25,
        19.19
      ],
      "before_lab": [
        61.4967,
        9.592,
        8.531
      ],
      "after_lab": [
        65.6185,
        13.085,
        14.6193
      ],
      "before_deltaE": 8.236236434755208,
      "after_deltaE": 3.6835470801833883,
      "improvement": 4.55268935457182,
      "delta_lab_after": [
        0.7385,
        -5.165,
        -4.5707
      ],
      "pred_code": "W018",
      "pred_name": "浅红",
      "pred_deltaE": 3.6835470801833883,
      "correct": true,
      "nearest_after": [
        {
          "code": "W018",
          "name": "浅红",
          "lab": [
            64.88,
            18.25,
            19.19
          ],
          "delta_e_2000": 3.6835470801833883
        },
        {
          "code": "W128",
          "name": "奶咖色",