group,count,before_mean_deltaE,root_mean_deltaE,final_mean_deltaE,final_max_deltaE,classification_acc,harm_rate
W001-W016,16,14.108569086795583,9.858771572503038,10.405704767964782,22.65031442435453,0.0625,0.125
W017-W032,16,16.866297146922463,13.270347686728677,13.771343241946132,25.90656053665823,0.3125,0.0625
W033-W048,16,15.625701461780533,10.869348628776262,11.444995167129042,26.696717748696358,0.3125,0.1875
W049-W064,16,15.74947853745411,12.126730854098298,12.215788333160988,26.150292132997905,0.0625,0.25
W065-W080,16,15.33033029088892,8.811456539264405,8.45484987694158,19.907109457104177,0.375,0.0625
W081-W096,16,15.516747437738559,5.637204195556472,6.627014875273563,25.042645050291924,0.0625,0.0
W097-W112,16,15.580762643164656,12.58739837006243,12.258675381750681,26.91898175340512,0.25,0.0
W113-W128,16,16.93998432092907,9.375259100607265,8.50147205697181,21.82797048186537,0.1875,0.0
