{
  "input": {
    "photo": "board.jpg",
    "standard": "standard_chart.png",
    "library": "output_128\\glue_visual_library\\glue_visual_library.csv",
    "mapping": "output_128\\glue_visual_library\\visual_mapping_T\\visual_mapping_T.json"
  },
  "colorchecker_model": {
    "model_type": "root_poly2",
    "ridge_alpha": 1e-06,
    "correction_strength": 1.0,
    "chart_deltaE": {
      "before": {
        "mean": 9.30791115758366,
        "median": 9.808247814544107,
        "max": 13.193182061912312,
        "p95": 12.649455122054698
      },
      "after": {
        "mean": 3.0403328655247956,
        "median": 2.102836282821557,
        "max": 9.253833751555357,
        "p95": 6.161066290759177
      },
      "before_deltaE": [
        10.911310150152392,
        9.838604811564897,
        11.867009635423186,
        10.668612327714376,
        9.8958251726325,
        6.349501286989671,
        11.20326060811349,
        8.571163711539898,
        9.925244239691406,
        12.055537696393566,
        9.130033488579357,
        9.777890817523314,
        9.310168692228778,
        10.937269676831434,
        7.052060742422664,
        5.598699790546198,
        7.1272528308271434,
        8.134041453791445,
        5.427167450685589,
        4.286952382961195,
        7.6193309502503235,
        13.193182061912312,
        12.754264079524312,
        11.75548372370839
      ],
      "after_deltaE": [
        5.18953778040041,
        3.8656589866709843,
        3.09617284764137,
        5.116465281859994,
        2.759051764744775,
        1.4578169639284455,
        1.5661765586793728,
        1.9947996348978756,
        1.5739078088444085,
        9.253833751555357,
        2.136710384543416,
        1.916463559562118,
        5.69918438727853,
        2.068962181099698,
        6.224041936903189,
        1.5535438366847758,
        0.8459872776772194,
        3.170417397531116,
        1.3957774007796468,
        1.3659189121753028,
        1.5929205834868108,
        3.1001549501884433,
        0.22028028951872453,
        5.804204295943108
      ]
    }
  },
  "board": {
    "roi_xyxy": [
      843,
      804,
      1304,
      1266
    ],
    "corrected_rgb": [
      226.7284671942527,
      227.7585227591626,
      223.17239714879048
    ],
    "corrected_lab": [
      90.31142316594854,
      -1.1611190013421924,
      2.1114108457605196
    ],
    "visual_lab": [
      90.31142316594854,
      -1.8390715415513512,
      8.745770409784539
    ],
    "visual_rgb": [
      231.0,
      228.0,
      211.0
    ]
  },
  "mapping_info": {
    "version": "visual_mapping_T_custom",
    "feature_mode": "poly2",
    "L_mode": "identity",
    "ridge_alpha": 1e-06
  },
  "topk": [
    {
      "code": "W102",
      "name": "哑白",
      "deltaE_match": 3.458127303771484,
      "visual_display_L": 85.62726113658015,
      "visual_display_a": -1.6952076684824124,
      "visual_display_b": 11.17879445232286,
      "visual_crop_path": "output_128/glue_visual_library/visual_crops/W102_哑白.png",
      "machine_L": "89.17",
      "machine_a": "-1.43",
      "machine_b": "12.08",
      "standard_L": "89.17",
      "standard_a": "-1.43",
      "standard_b": "12.08",
      "rank": 1
    },
    {
      "code": "W099",
      "name": "浅灰白",
      "deltaE_match": 4.110557660521691,
      "visual_display_L": 85.4979777476182,
      "visual_display_a": -1.3153318474383169,
      "visual_display_b": 12.492847777255122,
      "visual_crop_path": "output_128/glue_visual_library/visual_crops/W099_浅灰白.png",
      "machine_L": "83.97",
      "machine_a": "-0.97",
      "machine_b": "13.52",
      "standard_L": "83.97",
      "standard_a": "-0.97",
      "standard_b": "13.52",
      "rank": 2
    },
    {
      "code": "W100",
      "name": "爵士白",
      "deltaE_match": 4.366370802224861,
      "visual_display_L": 83.67487169555967,
      "visual_display_a": -2.2186052313062365,
      "visual_display_b": 9.85077762241362,
      "visual_crop_path": "output_128/glue_visual_library/visual_crops/W100_爵士白.png",
      "machine_L": "91.72",
      "machine_a": "-1.45",
      "machine_b": "10.39",
      "standard_L": "91.72",
      "standard_a": "-1.45",
      "standard_b": "10.39",
      "rank": 3
    },
    {
      "code": "W098",
      "name": "星光白",
      "deltaE_match": 5.193725622915853,
      "visual_display_L": 85.36603765863202,
      "visual_display_a": -0.7226336976547953,
      "visual_display_b": 3.689077451460898,
      "visual_crop_path": "output_128/glue_visual_library/visual_crops/W098_星光白.png",
      "machine_L": "83.58",
      "machine_a": "0.04",
      "machine_b": "3.94",
      "standard_L": "83.58",
      "standard_a": "0.04",
      "standard_b": "3.94",
      "rank": 4
    },
    {
      "code": "W106",
      "name": "浅象牙黄",
      "deltaE_match": 5.477197369013345,
      "visual_display_L": 87.33241860760857,
      "visual_display_a": -1.9918168863899965,
      "visual_display_b": 16.774891723028574,
      "visual_crop_path": "output_128/glue_visual_library/visual_crops/W106_浅象牙黄.png",
      "machine_L": "88.61",
      "machine_a": "-0.94",
      "machine_b": "18.01",
      "standard_L": "88.61",
      "standard_a": "-0.94",
      "standard_b": "18.01",
      "rank": 5
    },
    {
      "code": "W107",
      "name": "淡米黄",
      "deltaE_match": 5.923875446746154,
      "visual_display_L": 86.50563472890808,
      "visual_display_a": -3.437171457988497,
      "visual_display_b": 17.118481980683796,
      "visual_crop_path": "output_128/glue_visual_library/visual_crops/W107_淡米黄.png",
      "machine_L": "81.03",
      "machine_a": "-2.59",
      "machine_b": "17.51",
      "standard_L": "81.03",
      "standard_a": "-2.59",
      "standard_b": "17.51",
      "rank": 6
    },
    {
      "code": "W103",
      "name": "浅米白",
      "deltaE_match": 6.110963631813752,
      "visual_display_L": 83.07122953876193,
      "visual_display_a": -0.36091574219010436,
      "visual_display_b": 13.612236394645771,
      "visual_crop_path": "output_128/glue_visual_library/visual_crops/W103_浅米白.png",
      "machine_L": "89.39",
      "machine_a": "-0.3",
      "machine_b": "15.06",
      "standard_L": "89.39",
      "standard_a": "-0.3",
      "standard_b": "15.06",
      "rank": 7
    },
    {
      "code": "W109",
      "name": "米黄",
      "deltaE_match": 7.526396018844002,
      "visual_display_L": 86.2937369777445,
      "visual_display_a": -1.8485193322348437,
      "visual_display_b": 20.32347543840092,
      "visual_crop_path": "output_128/glue_visual_library/visual_crops/W109_米黄.png",
      "machine_L": "78.87",
      "machine_a": "-0.71",
      "machine_b": "19.95",
      "standard_L": "78.87",
      "standard_a": "-0.71",
      "standard_b": "19.95",
      "rank": 8
    },
    {
      "code": "W097",
      "name": "象牙白",
      "deltaE_match": 7.702826507270511,
      "visual_display_L": 85.22074473971495,
      "visual_display_a": -2.4037783615079578,
      "visual_display_b": 20.226755787634907,
      "visual_crop_path": "output_128/glue_visual_library/visual_crops/W097_象牙白.png",
      "machine_L": "87.44",
      "machine_a": "-1.69",
      "machine_b": "20.47",
      "standard_L": "87.44",
      "standard_a": "-1.69",
      "standard_b": "20.47",
      "rank": 9
    },
    {
      "code": "W101",
      "name": "米色",
      "deltaE_match": 8.433020275767914,
      "visual_display_L": 79.26360752764981,
      "visual_display_a": 1.201569891129406,
      "visual_display_b": 7.569337990188862,
      "visual_crop_path": "output_128/glue_visual_library/visual_crops/W101_米色.png",
      "machine_L": "80.46",
      "machine_a": "1.15",
      "machine_b": "8.0",
      "standard_L": "80.46",
      "standard_a": "1.15",
      "standard_b": "8.0",
      "rank": 10
    }
  ],
  "note": "匹配误差 deltaE_match = ΔE(board_visual_lab, glue_visual_display_lab)。"
}