{
  "input": {
    "photo": "board1.jpg",
    "standard": "standard_chart.png",
    "library": "output_128\\glue_visual_library\\glue_visual_library.csv",
    "mapping": "output_128\\glue_visual_library\\visual_mapping_T\\visual_mapping_T.json"
  },
  "colorchecker_model": {
    "model_type": "root_poly2",
    "ridge_alpha": 1e-06,
    "correction_strength": 1.0,
    "chart_deltaE": {
      "before": {
        "mean": 4.623284594491836,
        "median": 3.5515146064755303,
        "max": 10.877768483839608,
        "p95": 10.603155771479518
      },
      "after": {
        "mean": 3.1251193659610763,
        "median": 2.289026386015836,
        "max": 7.897680315879555,
        "p95": 7.097176891993055
      },
      "before_deltaE": [
        5.39002258099906,
        2.6952102953153765,
        2.6168365305353993,
        3.139500371387864,
        4.72471561628065,
        3.3601495505739334,
        2.418486503008625,
        3.2120320751707054,
        2.6229942262873767,
        9.019500060648431,
        1.5120293963595244,
        3.0504411697077765,
        5.323163917917538,
        3.4033739901491415,
        3.931579320426172,
        1.6426326721480302,
        2.111706985634874,
        3.6996552228019195,
        5.276857856515403,
        4.310806809437303,
        5.684424001576413,
        10.661306252595823,
        10.877768483839608,
        10.273636378487131
      ],
      "after_deltaE": [
        7.897680315879555,
        5.044853433109522,
        1.771697281963555,
        3.6139017540398872,
        3.769222431531325,
        1.4747989095744622,
        1.3704989548329585,
        1.5140410251474852,
        1.502614451679228,
        7.140390303294537,
        0.8372350838812532,
        0.7929139970389508,
        3.507620821931749,
        1.6298718902578258,
        3.924936350830197,
        0.8057804642926062,
        1.35341979539449,
        2.591189079645152,
        1.9868636923865195,
        1.203748997701875,
        3.1723315552817453,
        6.852300894617992,
        5.538157626364438,
        5.706795672388535
      ]
    }
  },
  "board": {
    "roi_xyxy": [
      447,
      2808,
      876,
      3270
    ],
    "corrected_rgb": [
      219.46361441627866,
      203.113455521888,
      159.01450373217057
    ],
    "corrected_lab": [
      82.05660376091647,
      -1.021991426413682,
      24.104654929065262
    ],
    "visual_lab": [
      82.05660376091647,
      -0.9336706734594715,
      21.771352670628637
    ],
    "visual_rgb": [
      218.0,
      203.0,
      163.0
    ]
  },
  "mapping_info": {
    "version": "visual_mapping_T_custom",
    "feature_mode": "poly2",
    "L_mode": "identity",
    "ridge_alpha": 1e-06
  },
  "topk": [
    {
      "code": "W111",
      "name": "沙黄色",
      "deltaE_match": 2.043834933061224,
      "visual_display_L": 80.91639955518546,
      "visual_display_a": 0.8272882749115751,
      "visual_display_b": 20.894267196890336,
      "visual_crop_path": "output_128/glue_visual_library/visual_crops/W111_沙黄色.png",
      "machine_L": "75.8",
      "machine_a": "1.6",
      "machine_b": "21.42",
      "standard_L": "75.8",
      "standard_a": "1.6",
      "standard_b": "21.42",
      "rank": 1
    },
    {
      "code": "W108",
      "name": "棕米黄",
      "deltaE_match": 2.4063054280009637,
      "visual_display_L": 78.86342707733726,
      "visual_display_a": -0.007394546605477004,
      "visual_display_b": 21.33216261355546,
      "visual_crop_path": "output_128/glue_visual_library/visual_crops/W108_棕米黄.png",
      "machine_L": "76.75",
      "machine_a": "0.93",
      "machine_b": "22.21",
      "standard_L": "76.75",
      "standard_a": "0.93",
      "standard_b": "22.21",
      "rank": 2
    },
    {
      "code": "W097",
      "name": "象牙白",
      "deltaE_match": 2.7643610631420965,
      "visual_display_L": 85.22074473971495,
      "visual_display_a": -2.4037783615079578,
      "visual_display_b": 20.226755787634907,
      "visual_crop_path": "output_128/glue_visual_library/visual_crops/W097_象牙白.png",
      "machine_L": "87.44",
      "machine_a": "-1.69",
      "machine_b": "20.47",
      "standard_L": "87.44",
      "standard_a": "-1.69",
      "standard_b": "20.47",
      "rank": 3
    },
    {
      "code": "W109",
      "name": "米黄",
      "deltaE_match": 3.077131525530114,
      "visual_display_L": 86.2937369777445,
      "visual_display_a": -1.8485193322348437,
      "visual_display_b": 20.32347543840092,
      "visual_crop_path": "output_128/glue_visual_library/visual_crops/W109_米黄.png",
      "machine_L": "78.87",
      "machine_a": "-0.71",
      "machine_b": "19.95",
      "standard_L": "78.87",
      "standard_a": "-0.71",
      "standard_b": "19.95",
      "rank": 4
    },
    {
      "code": "W105",
      "name": "淡象牙黄",
      "deltaE_match": 3.244287739085794,
      "visual_display_L": 86.1966831803586,
      "visual_display_a": -1.0721308877463254,
      "visual_display_b": 25.327703552865422,
      "visual_crop_path": "output_128/glue_visual_library/visual_crops/W105_淡象牙黄.png",
      "machine_L": "85.85",
      "machine_a": "-0.86",
      "machine_b": "25.87",
      "standard_L": "85.85",
      "standard_a": "-0.86",
      "standard_b": "25.87",
      "rank": 5
    },
    {
      "code": "W104",
      "name": "金沙黄",
      "deltaE_match": 3.4545737271486905,
      "visual_display_L": 77.74095575776242,
      "visual_display_a": -1.67732909630125,
      "visual_display_b": 18.948365395270027,
      "visual_crop_path": "output_128/glue_visual_library/visual_crops/W104_金沙黄.png",
      "machine_L": "81.77",
      "machine_a": "-1.1",
      "machine_b": "20.44",
      "standard_L": "81.77",
      "standard_a": "-1.1",
      "standard_b": "20.44",
      "rank": 6
    },
    {
      "code": "W110",
      "name": "象牙黄",
      "deltaE_match": 3.6201876148141454,
      "visual_display_L": 84.45803044177042,
      "visual_display_a": 0.8755649125036236,
      "visual_display_b": 27.592878906713626,
      "visual_crop_path": "output_128/glue_visual_library/visual_crops/W110_象牙黄.png",
      "machine_L": "81.06",
      "machine_a": "1.66",
      "machine_b": "28.57",
      "standard_L": "81.06",
      "standard_a": "1.66",
      "standard_b": "28.57",
      "rank": 7
    },
    {
      "code": "W106",
      "name": "浅象牙黄",
      "deltaE_match": 4.610783527307275,
      "visual_display_L": 87.33241860760857,
      "visual_display_a": -1.9918168863899965,
      "visual_display_b": 16.774891723028574,
      "visual_crop_path": "output_128/glue_visual_library/visual_crops/W106_浅象牙黄.png",
      "machine_L": "88.61",
      "machine_a": "-0.94",
      "machine_b": "18.01",
      "standard_L": "88.61",
      "standard_a": "-0.94",
      "standard_b": "18.01",
      "rank": 8
    },
    {
      "code": "W103",
      "name": "浅米白",
      "deltaE_match": 4.618190389815357,
      "visual_display_L": 83.07122953876193,
      "visual_display_a": -0.36091574219010436,
      "visual_display_b": 13.612236394645771,
      "visual_crop_path": "output_128/glue_visual_library/visual_crops/W103_浅米白.png",
      "machine_L": "89.39",
      "machine_a": "-0.3",
      "machine_b": "15.06",
      "standard_L": "89.39",
      "standard_a": "-0.3",
      "standard_b": "15.06",
      "rank": 9
    },
    {
      "code": "W107",
      "name": "淡米黄",
      "deltaE_match": 4.893603342647828,
      "visual_display_L": 86.50563472890808,
      "visual_display_a": -3.437171457988497,
      "visual_display_b": 17.118481980683796,
      "visual_crop_path": "output_128/glue_visual_library/visual_crops/W107_淡米黄.png",
      "machine_L": "81.03",
      "machine_a": "-2.59",
      "machine_b": "17.51",
      "standard_L": "81.03",
      "standard_a": "-2.59",
      "standard_b": "17.51",
      "rank": 10
    }
  ],
  "note": "匹配误差 deltaE_match = ΔE(board_visual_lab, glue_visual_display_lab)。"
}