{
  "input": {
    "photo": "board.jpg",
    "standard": "standard_chart.png",
    "library": "output_128\\glue_visual_library\\glue_visual_library.csv",
    "mapping": "output_128\\glue_visual_library\\visual_mapping_T_poly2\\visual_mapping_T.json"
  },
  "colorchecker_model": {
    "model_type": "root_poly2",
    "ridge_alpha": 1e-06,
    "correction_strength": 1.0,
    "chart_deltaE": {
      "before": {
        "mean": 9.329242157789801,
        "median": 9.699595362741178,
        "max": 13.302623257753499,
        "p95": 12.663350272663479
      },
      "after": {
        "mean": 2.980477287171533,
        "median": 2.094812248961013,
        "max": 9.137757856085411,
        "p95": 6.034507119189261
      },
      "before_deltaE": [
        10.894931541742045,
        9.776243946400102,
        11.827025904673349,
        10.597981305354653,
        9.797902563754665,
        6.172024486922014,
        11.271280290910866,
        8.597761457061365,
        9.920971550542962,
        12.040262396748146,
        9.028097212973353,
        9.622946779082252,
        9.41031748152447,
        11.076667586159095,
        7.1119784699756,
        5.6471743354950465,
        7.118745059876758,
        8.107335657458172,
        5.659617107250848,
        4.6045192382393285,
        7.796946699328868,
        13.302623257753499,
        12.77330695664854,
        11.745150501079245
      ],
      "after_deltaE": [
        5.1654427318063085,
        3.640006791625091,
        2.9848658375846737,
        5.146114329543409,
        2.511903637866317,
        1.3849774380300406,
        1.6047608181055601,
        2.020854610715775,
        1.6230917035680164,
        9.137757856085411,
        2.05067183858582,
        1.7913291448441317,
        5.609036184933095,
        2.138952659336206,
        6.097770324744135,
        1.5065715278559764,
        0.8318009605721618,
        3.3326585724809297,
        1.2483817146988965,
        1.2442378892691097,
        1.5011964754207474,
        3.0684199752091614,
        0.21463624819082486,
        5.6760156210449795
      ]
    }
  },
  "board": {
    "roi_xyxy": [
      847,
      814,
      1261,
      1290
    ],
    "corrected_rgb": [
      227.83558448896665,
      229.77104935711324,
      224.17977987364677
    ],
    "corrected_lab": [
      90.92798710445278,
      -1.6420545944728637,
      2.490741704182109
    ],
    "visual_lab": [
      90.92798710445278,
      -1.7423639998246772,
      9.319659955234963
    ],
    "visual_rgb": [
      233.0,
      229.0,
      211.0
    ],
    "display_lab": [
      90.92798710445278,
      -1.3938911998597419,
      7.455727964187971
    ],
    "display_rgb": [
      233.0,
      229.0,
      215.0
    ],
    "display_adjust": {
      "l_offset": 0.0,
      "chroma_scale": 0.8
    }
  },
  "mapping_info": {
    "version": "visual_mapping_T_custom",
    "feature_mode": "poly2",
    "L_mode": "identity",
    "ridge_alpha": 1e-06
  },
  "topk": [
    {
      "code": "W102",
      "name": "哑白",
      "deltaE_match": 3.6157870655264093,
      "visual_display_L": 85.62726113658015,
      "visual_display_a": -1.6952076684824124,
      "visual_display_b": 11.17879445232286,
      "visual_crop_path": "output_128/glue_visual_library/visual_crops/W102_哑白.png",
      "machine_L": "89.17",
      "machine_a": "-1.43",
      "machine_b": "12.08",
      "standard_L": "89.17",
      "standard_a": "-1.43",
      "standard_b": "12.08",
      "rank": 1
    },
    {
      "code": "W099",
      "name": "浅灰白",
      "deltaE_match": 4.1433667269481855,
      "visual_display_L": 85.4979777476182,
      "visual_display_a": -1.3153318474383169,
      "visual_display_b": 12.492847777255122,
      "visual_crop_path": "output_128/glue_visual_library/visual_crops/W099_浅灰白.png",
      "machine_L": "83.97",
      "machine_a": "-0.97",
      "machine_b": "13.52",
      "standard_L": "83.97",
      "standard_a": "-0.97",
      "standard_b": "13.52",
      "rank": 2
    },
    {
      "code": "W100",
      "name": "爵士白",
      "deltaE_match": 4.711322491784558,
      "visual_display_L": 83.67487169555967,
      "visual_display_a": -2.2186052313062365,
      "visual_display_b": 9.85077762241362,
      "visual_crop_path": "output_128/glue_visual_library/visual_crops/W100_爵士白.png",
      "machine_L": "91.72",
      "machine_a": "-1.45",
      "machine_b": "10.39",
      "standard_L": "91.72",
      "standard_a": "-1.45",
      "standard_b": "10.39",
      "rank": 3
    },
    {
      "code": "W106",
      "name": "浅象牙黄",
      "deltaE_match": 5.238651307511625,
      "visual_display_L": 87.33241860760857,
      "visual_display_a": -1.9918168863899965,
      "visual_display_b": 16.774891723028574,
      "visual_crop_path": "output_128/glue_visual_library/visual_crops/W106_浅象牙黄.png",
      "machine_L": "88.61",
      "machine_a": "-0.94",
      "machine_b": "18.01",
      "standard_L": "88.61",
      "standard_a": "-0.94",
      "standard_b": "18.01",
      "rank": 4
    },
    {
      "code": "W098",
      "name": "星光白",
      "deltaE_match": 5.708215488738581,
      "visual_display_L": 85.36603765863202,
      "visual_display_a": -0.7226336976547953,
      "visual_display_b": 3.689077451460898,
      "visual_crop_path": "output_128/glue_visual_library/visual_crops/W098_星光白.png",
      "machine_L": "83.58",
      "machine_a": "0.04",
      "machine_b": "3.94",
      "standard_L": "83.58",
      "standard_a": "0.04",
      "standard_b": "3.94",
      "rank": 5
    },
    {
      "code": "W107",
      "name": "淡米黄",
      "deltaE_match": 5.7789943354763995,
      "visual_display_L": 86.50563472890808,
      "visual_display_a": -3.437171457988497,
      "visual_display_b": 17.118481980683796,
      "visual_crop_path": "output_128/glue_visual_library/visual_crops/W107_淡米黄.png",
      "machine_L": "81.03",
      "machine_a": "-2.59",
      "machine_b": "17.51",
      "standard_L": "81.03",
      "standard_a": "-2.59",
      "standard_b": "17.51",
      "rank": 6
    },
    {
      "code": "W103",
      "name": "浅米白",
      "deltaE_match": 6.152063188370911,
      "visual_display_L": 83.07122953876193,
      "visual_display_a": -0.36091574219010436,
      "visual_display_b": 13.612236394645771,
      "visual_crop_path": "output_128/glue_visual_library/visual_crops/W103_浅米白.png",
      "machine_L": "89.39",
      "machine_a": "-0.3",
      "machine_b": "15.06",
      "standard_L": "89.39",
      "standard_a": "-0.3",
      "standard_b": "15.06",
      "rank": 7
    },
    {
      "code": "W109",
      "name": "米黄",
      "deltaE_match": 7.276682420915237,
      "visual_display_L": 86.2937369777445,
      "visual_display_a": -1.8485193322348437,
      "visual_display_b": 20.32347543840092,
      "visual_crop_path": "output_128/glue_visual_library/visual_crops/W109_米黄.png",
      "machine_L": "78.87",
      "machine_a": "-0.71",
      "machine_b": "19.95",
      "standard_L": "78.87",
      "standard_a": "-0.71",
      "standard_b": "19.95",
      "rank": 8
    },
    {
      "code": "W097",
      "name": "象牙白",
      "deltaE_match": 7.51215466151109,
      "visual_display_L": 85.22074473971495,
      "visual_display_a": -2.4037783615079578,
      "visual_display_b": 20.226755787634907,
      "visual_crop_path": "output_128/glue_visual_library/visual_crops/W097_象牙白.png",
      "machine_L": "87.44",
      "machine_a": "-1.69",
      "machine_b": "20.47",
      "standard_L": "87.44",
      "standard_a": "-1.69",
      "standard_b": "20.47",
      "rank": 9
    },
    {
      "code": "W101",
      "name": "米色",
      "deltaE_match": 8.747355911782648,
      "visual_display_L": 79.26360752764981,
      "visual_display_a": 1.201569891129406,
      "visual_display_b": 7.569337990188862,
      "visual_crop_path": "output_128/glue_visual_library/visual_crops/W101_米色.png",
      "machine_L": "80.46",
      "machine_a": "1.15",
      "machine_b": "8.0",
      "standard_L": "80.46",