group,count,before_mean_deltaE,root_mean_deltaE,final_mean_deltaE,final_max_deltaE,classification_acc,harm_rate
W001-W016,16,15.034130270781244,7.705238729346786,8.016057686441343,12.577691387052454,0.3125,0.0625
W017-W032,16,18.326071575677723,11.88652322134547,12.381545868051589,22.779455474602358,0.1875,0.1875
W033-W048,16,19.37119105329403,12.885152193269429,13.479891386687262,21.183704757165806,0.0625,0.25
W049-W064,16,15.637766159532147,11.48023070311636,11.97924132179379,21.985180048136304,0.0625,0.375
W065-W080,16,18.017908798550813,9.503549575653908,9.96840446754075,18.910374552010783,0.25,0.125
W081-W096,16,15.393439014219174,4.5377081792478,4.641904608844906,9.830286221698085,0.1875,0.0625
W097-W112,16,19.118992517826648,14.140359928058782,14.607452132849911,24.397618978453934,0.0,0.1875
W113-W128,16,19.099214576675983,9.49685282169501,9.692954158972134,20.126452710244873,0.1875,0.0625
