{
  "input": {
    "photo": "board.jpg",
    "standard": "standard_chart.png",
    "library": "output_128\\glue_visual_library\\glue_visual_library.csv",
    "mapping": "output_128\\glue_visual_library\\visual_mapping_T_poly2\\visual_mapping_T.json"
  },
  "colorchecker_model": {
    "model_type": "root_poly2",
    "ridge_alpha": 1e-06,
    "correction_strength": 1.0,
    "chart_deltaE": {
      "before": {
        "mean": 9.361050256794169,
        "median": 9.830232477860832,
        "max": 13.301362156495356,
        "p95": 12.690197694639153
      },
      "after": {
        "mean": 3.006431801997232,
        "median": 2.067934452603825,
        "max": 9.266382088732591,
        "p95": 6.081394087106511
      },
      "before_deltaE": [
        10.923923865250273,
        9.843824650100453,
        11.867622996796314,
        10.652824286183366,
        9.853061137809565,
        6.277786901737307,
        11.263382619688453,
        8.620181210923784,
        9.949233687409686,
        12.088195334009699,
        9.158234265453032,
        9.81664030562121,
        9.346086027898005,
        11.033677456626464,
        7.154961703325573,
        5.749722747939509,
        7.227775160513914,
        8.253553612427838,
        5.493006971205383,
        4.3949228812345655,
        7.796584643889687,
        13.301362156495356,
        12.796433405338469,
        11.80220813518214
      ],
      "after_deltaE": [
        5.1929819378174065,
        3.687117363557577,
        3.0275086771310096,
        5.117178702032419,
        2.627062741983393,
        1.418661973735688,
        1.5558013991179545,
        1.9466196833654879,
        1.494139143249576,
        9.266382088732591,
        2.016828836346134,
        1.9233353456266267,
        5.769677174940294,
        2.1190400688615156,
        6.136402953959374,
        1.3853362141430248,
        0.8099298181089576,
        3.2663993061325405,
        1.3816909908734734,
        1.3484564098806557,
        1.50401054653277,
        3.231981823166484,
        0.16281872889958268,
        5.765001319739021
      ]
    }
  },
  "board": {
    "roi_xyxy": [
      895,
      866,
      1247,
      1276
    ],
    "corrected_rgb": [
      227.04723205460704,
      228.58574168095765,
      222.73318239801307
    ],
    "corrected_lab": [
      90.53364157011758,
      -1.5550152927827354,
      2.667147023166594
    ],
    "visual_lab": [
      90.53364157011758,
      -1.7572448203839328,
      9.254189978051711
    ],
    "visual_rgb": [
      232.0,
      228.0,
      210.0
    ],
    "display_lab": [
      90.53364157011758,
      -1.7572448203839328,
      9.254189978051711
    ],
    "display_rgb": [
      232.0,
      228.0,
      210.0
    ],
    "display_adjust": {
      "l_offset": 0.0,
      "chroma_scale": 1.0,
      "chroma_offset": 0.0,
      "chroma_max": 80.0
    }
  },
  "mapping_info": {
    "version": "visual_mapping_T_custom",
    "feature_mode": "poly2",
    "L_mode": "identity",
    "ridge_alpha": 1e-06
  },
  "topk": [
    {
      "code": "W102",
      "name": "哑白",
      "deltaE_match": 3.4075445496682035,
      "visual_display_L": 85.62726113658015,
      "visual_display_a": -1.6952076684824124,
      "visual_display_b": 11.17879445232286,
      "visual_crop_path": "output_128/glue_visual_library/visual_crops/W102_哑白.png",
      "machine_L": "89.17",
      "machine_a": "-1.43",
      "machine_b": "12.08",
      "standard_L": "89.17",
      "standard_a": "-1.43",
      "standard_b": "12.08",
      "rank": 1
    },
    {
      "code": "W099",
      "name": "浅灰白",
      "deltaE_match": 3.971473972503574,
      "visual_display_L": 85.4979777476182,
      "visual_display_a": -1.3153318474383169,
      "visual_display_b": 12.492847777255122,
      "visual_crop_path": "output_128/glue_visual_library/visual_crops/W099_浅灰白.png",
      "machine_L": "83.97",
      "machine_a": "-0.97",
      "machine_b": "13.52",
      "standard_L": "83.97",
      "standard_a": "-0.97",
      "standard_b": "13.52",
      "rank": 2
    },
    {
      "code": "W100",
      "name": "爵士白",
      "deltaE_match": 4.469828019225417,
      "visual_display_L": 83.67487169555967,
      "visual_display_a": -2.2186052313062365,
      "visual_display_b": 9.85077762241362,
      "visual_crop_path": "output_128/glue_visual_library/visual_crops/W100_爵士白.png",
      "machine_L": "91.72",
      "machine_a": "-1.45",
      "machine_b": "10.39",
      "standard_L": "91.72",
      "standard_a": "-1.45",
      "standard_b": "10.39",
      "rank": 3
    },
    {
      "code": "W106",
      "name": "浅象牙黄",
      "deltaE_match": 5.181050449942187,
      "visual_display_L": 87.33241860760857,
      "visual_display_a": -1.9918168863899965,
      "visual_display_b": 16.774891723028574,
      "visual_crop_path": "output_128/glue_visual_library/visual_crops/W106_浅象牙黄.png",
      "machine_L": "88.61",
      "machine_a": "-0.94",
      "machine_b": "18.01",
      "standard_L": "88.61",
      "standard_a": "-0.94",
      "standard_b": "18.01",
      "rank": 4
    },
    {
      "code": "W098",
      "name": "星光白",
      "deltaE_match": 5.527383995033689,
      "visual_display_L": 85.36603765863202,
      "visual_display_a": -0.7226336976547953,
      "visual_display_b": 3.689077451460898,
      "visual_crop_path": "output_128/glue_visual_library/visual_crops/W098_星光白.png",
      "machine_L": "83.58",
      "machine_a": "0.04",
      "machine_b": "3.94",
      "standard_L": "83.58",
      "standard_a": "0.04",
      "standard_b": "3.94",
      "rank": 5
    },
    {
      "code": "W107",
      "name": "淡米黄",
      "deltaE_match": 5.698020599009953,
      "visual_display_L": 86.50563472890808,
      "visual_display_a": -3.437171457988497,
      "visual_display_b": 17.118481980683796,
      "visual_crop_path": "output_128/glue_visual_library/visual_crops/W107_淡米黄.png",
      "machine_L": "81.03",
      "machine_a": "-2.59",
      "machine_b": "17.51",
      "standard_L": "81.03",
      "standard_a": "-2.59",
      "standard_b": "17.51",
      "rank": 6
    },
    {
      "code": "W103",
      "name": "浅米白",
      "deltaE_match": 5.98278662392415,
      "visual_display_L": 83.07122953876193,
      "visual_display_a": -0.36091574219010436,
      "visual_display_b": 13.612236394645771,
      "visual_crop_path": "output_128/glue_visual_library/visual_crops/W103_浅米白.png",
      "machine_L": "89.39",
      "machine_a": "-0.3",
      "machine_b": "15.06",
      "standard_L": "89.39",
      "standard_a": "-0.3",
      "standard_b": "15.06",
      "rank": 7
    },
    {
      "code": "W109",
      "name": "米黄",
      "deltaE_match": 7.225887691495773,
      "visual_display_L": 86.2937369777445,
      "visual_display_a": -1.8485193322348437,
      "visual_display_b": 20.32347543840092,
      "visual_crop_path": "output_128/glue_visual_library/visual_crops/W109_米黄.png",
      "machine_L": "78.87",
      "machine_a": "-0.71",
      "machine_b": "19.95",
      "standard_L": "78.87",
      "standard_a": "-0.71",
      "standard_b": "19.95",
      "rank": 8
    },
    {
      "code": "W097",
      "name": "象牙白",
      "deltaE_match": 7.437564545065696,
      "visual_display_L": 85.22074473971495,
      "visual_display_a": -2.4037783615079578,
      "visual_display_b": 20.226755787634907,
      "visual_crop_path": "output_128/glue_visual_library/visual_crops/W097_象牙白.png",
      "machine_L": "87.44",
      "machine_a": "-1.69",
      "machine_b": "20.47",
      "standard_L": "87.44",
      "standard_a": "-1.69",
      "standard_b": "20.47",
      "rank": 9
    },
    {
      "code": "W101",
      "name": "米色",
      "deltaE_match": 8.537310244668284,
      "visual_display_L": 79.26360752764981,
      "visual_display_a": 1.201569891129406,
      "visual_display_b": 7.569337990188862,
      "visual_crop_path": "output_128/glue_visual_library/visual_crops/W101_米色.png",
      "machine_L": "80.46",
      "machine_a": "1.15",
      "machine_b": "8.0",