{
  "input": {
    "photo": "real1.jpg",
    "standard": "standard_chart.png",
    "library": "output_128\\glue_visual_library\\glue_visual_library.csv",
    "mapping": "output_128\\glue_visual_library\\visual_mapping_T_poly2\\visual_mapping_T.json"
  },
  "colorchecker_model": {
    "model_type": "root_poly2",
    "ridge_alpha": 1e-06,
    "correction_strength": 1.0,
    "chart_deltaE": {
      "before": {
        "mean": 9.042373672665098,
        "median": 8.48762336574644,
        "max": 14.828111356049394,
        "p95": 13.74680871065299
      },
      "after": {
        "mean": 3.557555804417889,
        "median": 2.885019035857866,
        "max": 9.753723779972157,
        "p95": 7.712045822284291
      },
      "before_deltaE": [
        5.758980294381122,
        11.181004893984543,
        8.451885920000954,
        8.296086160032454,
        11.654421798733317,
        12.863994233821877,
        5.916978449422338,
        8.600829946823504,
        8.332757379725118,
        8.523360811491928,
        12.432999442081702,
        5.352532007090821,
        6.630860499150223,
        13.760592771998091,
        6.360774393418987,
        6.0515729887910235,
        10.752427937995112,
        14.828111356049394,
        2.425038944887693,
        9.129507153423408,
        13.668699029697418,
        6.747958705209328,
        6.190681964225616,
        13.104911061526384
      ],
      "after_deltaE": [
        3.210529164300128,
        4.934054608025181,
        0.7742691601569884,
        3.3030487391345704,
        5.043197227938511,
        1.5864875534402767,
        1.4463249201841593,
        1.40827932988417,
        1.8974958722664161,
        5.9112265429694295,
        3.217355670431898,
        0.45810681764166616,
        4.3822974553619325,
        2.481421092286831,
        5.709388265410775,
        1.9144753164668957,
        1.428761723443657,
        2.5595089074156037,
        5.89965546373493,
        1.587412430055456,
        6.198276436528564,
        2.2968612327379523,
        7.9791815962411885,
        9.753723779972157
      ]
    }
  },
  "board": {
    "roi_xyxy": [
      256,
      225,
      1351,
      309
    ],
    "corrected_rgb": [
      133.95366503654046,
      120.20314302983681,
      113.11273971097313
    ],
    "corrected_lab": [
      51.54379390433505,
      4.0202967954277575,
      5.814869273731804
    ],
    "visual_lab": [
      51.54379390433505,
      3.7171507219802975,
      5.933294206672743
    ],
    "visual_rgb": [
      134.0,
      120.0,
      113.0
    ],
    "display_lab": [
      56.54379390433505,
      3.8312931858812824,
      8.136629496339106
    ],
    "display_rgb": [
      148.0,
      133.0,
      122.0
    ],
    "display_adjust": {
      "l_offset": 5.0,
      "chroma_scale": 0.95,
      "chroma_offset": 0.0,
      "a_offset": 0.3,
      "b_offset": 2.5,
      "chroma_max": 80.0
    }
  },
  "mapping_info": {
    "version": "visual_mapping_T_custom",
    "feature_mode": "poly2",
    "L_mode": "identity",
    "ridge_alpha": 1e-06
  },
  "topk": [
    {
      "code": "W125",
      "name": "亚麻色",
      "deltaE_match": 4.182422859070322,
      "visual_display_L": 48.20556067896496,
      "visual_display_a": 1.7939520677331955,
      "visual_display_b": 4.842901429074842,
      "visual_crop_path": "output_128/glue_visual_library/visual_crops/W125_亚麻色.png",
      "machine_L": "49.6",
      "machine_a": "2.88",
      "machine_b": "6.16",
      "standard_L": "49.6",
      "standard_a": "2.88",
      "standard_b": "6.16",
      "rank": 1
    },
    {
      "code": "W043",
      "name": "深黄色",
      "deltaE_match": 5.278537492264531,
      "visual_display_L": 52.112529094989355,
      "visual_display_a": 2.44365943920255,
      "visual_display_b": 12.168334252015045,
      "visual_crop_path": "output_128/glue_visual_library/visual_crops/W043_深黄色.png",
      "machine_L": "63.01",
      "machine_a": "3.4",
      "machine_b": "14.5",
      "standard_L": "63.01",
      "standard_a": "3.4",
      "standard_b": "14.5",
      "rank": 2
    },
    {
      "code": "W126",
      "name": "栗棕色",
      "deltaE_match": 6.0533009524984935,
      "visual_display_L": 46.8439587674104,
      "visual_display_a": 0.8419464819601208,
      "visual_display_b": 4.858142319516001,
      "visual_crop_path": "output_128/glue_visual_library/visual_crops/W126_栗棕色.png",
      "machine_L": "48.03",
      "machine_a": "1.71",
      "machine_b": "6.3",
      "standard_L": "48.03",
      "standard_a": "1.71",
      "standard_b": "6.3",
      "rank": 3
    },
    {
      "code": "W120",
      "name": "驼色",
      "deltaE_match": 7.758842817169393,
      "visual_display_L": 51.48732323130645,
      "visual_display_a": 2.4436282477408033,
      "visual_display_b": 16.303702566737766,
      "visual_crop_path": "output_128/glue_visual_library/visual_crops/W120_驼色.png",
      "machine_L": "56.59",
      "machine_a": "2.87",
      "machine_b": "17.45",
      "standard_L": "56.59",
      "standard_a": "2.87",
      "standard_b": "17.45",
      "rank": 4
    },
    {
      "code": "W121",
      "name": "浅棕色",
      "deltaE_match": 7.764159089040464,
      "visual_display_L": 56.47729829206662,
      "visual_display_a": 3.260359276450686,
      "visual_display_b": 14.192102125071182,
      "visual_crop_path": "output_128/glue_visual_library/visual_crops/W121_浅棕色.png",
      "machine_L": "59.91",
      "machine_a": "4.0",
      "machine_b": "15.4",
      "standard_L": "59.91",
      "standard_a": "4.0",
      "standard_b": "15.4",
      "rank": 5
    },
    {
      "code": "W047",
      "name": "浅棕桐",
      "deltaE_match": 7.798555032260884,
      "visual_display_L": 54.204505530227735,
      "visual_display_a": 0.0648818979666621,
      "visual_display_b": 12.570109632752512,
      "visual_crop_path": "output_128/glue_visual_library/visual_crops/W047_浅棕桐.png",
      "machine_L": "65.94",
      "machine_a": "0.97",
      "machine_b": "14.8",
      "standard_L": "65.94",
      "standard_a": "0.97",
      "standard_b": "14.8",
      "rank": 6
    },
    {
      "code": "W042",
      "name": "棕铜色",
      "deltaE_match": 8.197793200534502,
      "visual_display_L": 51.48492532389473,
      "visual_display_a": -0.00152652988094637,
      "visual_display_b": 14.20717242063878,
      "visual_crop_path": "output_128/glue_visual_library/visual_crops/W042_棕铜色.png",
      "machine_L": "64.95",
      "machine_a": "0.73",
      "machine_b": "17.23",
      "standard_L": "64.95",
      "standard_a": "0.73",
      "standard_b": "17.23",
      "rank": 7
    },
    {
      "code": "W044",
      "name": "泥黄",
      "deltaE_match": 8.43781004420532,
      "visual_display_L": 48.52053690328022,
      "visual_display_a": 1.0163375009043518,
      "visual_display_b": 15.077991243951082,
      "visual_crop_path": "output_128/glue_visual_library/visual_crops/W044_泥黄.png",
      "machine_L": "60.89",
      "machine_a": "2.33",
      "machine_b": "19.65",
      "standard_L": "60.89",
      "standard_a": "2.33",
      "standard_b": "19.65",
      "rank": 8
    },
    {
      "code": "W078",
      "name": "珍珠灰",
      "deltaE_match": 8.615226526155645,
      "visual_display_L": 45.26190397574151,
      "visual_display_a": 0.4819772235031272,
      "visual_display_b": 0.6558007971268154,
      "visual_crop_path": "output_128/glue_visual_library/visual_crops/W078_珍珠灰.png",
      "machine_L": "49.63",
      "machine_a": "1.18",
      "machine_b": "2.13",
      "standard_L": "49.63",
      "standard_a": "1.18",
      "standard_b": "2.13",
      "rank": 9
    },
    {
      "code": "W117",
      "name": "灰棕色",
      "deltaE_match": 8.816472627997722,
      "visual_display_L": 57.79994548569222,
      "visual_display_a": 0.22748286129536943,
      "visual_display_b": 11.106373229208044,
      "visual_crop_path": "output_128/glue_visual_library/visual_crops/W117_灰棕色.png",
      "machine_L": "60.69",
      "machine_a": "0.72",