{
  "input": {
    "photo": "real3.jpg",
    "standard": "standard_chart.png",
    "library": "output_128\\glue_visual_library\\glue_visual_library.csv",
    "mapping": "output_128\\glue_visual_library\\visual_mapping_T_poly2\\visual_mapping_T.json"
  },
  "colorchecker_model": {
    "model_type": "root_poly2",
    "ridge_alpha": 1e-06,
    "correction_strength": 1.0,
    "chart_deltaE": {
      "before": {
        "mean": 6.452717802911438,
        "median": 5.825213001029612,
        "max": 14.060815202395613,
        "p95": 11.227826295774573
      },
      "after": {
        "mean": 2.747447856570696,
        "median": 2.6895886645185216,
        "max": 5.4934043095161815,
        "p95": 4.732380329205021
      },
      "before_deltaE": [
        5.28649426232836,
        6.019223384144102,
        4.266638960919843,
        4.208052074466527,
        7.606751570227,
        8.30845958037163,
        3.0278145228922946,
        6.515457351785145,
        3.382398200510579,
        9.29062305282698,
        6.304649641661864,
        2.6321522674160325,
        7.584156834291551,
        5.5492668651316865,
        2.4527381038648204,
        4.0738637018829955,
        5.631202617915122,
        10.48788763672761,
        4.845753286720101,
        7.898136239605301,
        9.188639522400893,
        4.885648683193839,
        11.358403706194627,
        14.060815202395613
      ],
      "after_deltaE": [
        3.945802473081103,
        4.200804933441083,
        1.0867431615194474,
        4.647059073515273,
        3.06634985591912,
        1.4606562963456382,
        0.9812516034410428,
        2.031222937082733,
        1.8572982885999385,
        4.747437021385564,
        1.1690570100089326,
        0.5885267413769819,
        3.900613360398083,
        1.5987109443474856,
        4.558277918380926,
        1.3487723360203898,
        0.9906186446160351,
        1.7796292130918359,
        3.7379455394969163,
        2.423156713220506,
        4.122667508003844,
        2.956020615816537,
        5.4934043095161815,
        3.2467220590710952
      ]
    }
  },
  "board": {
    "roi_xyxy": [
      1151,
      192,
      1651,
      391
    ],
    "corrected_rgb": [
      223.65244455188252,
      211.2113374025503,
      189.12993291835377
    ],
    "corrected_lab": [
      85.08112990902565,
      0.667578243363498,
      12.477314882397161
    ],
    "visual_lab": [
      85.08112990902565,
      -1.3443375341683284,
      13.29065365588523
    ],
    "visual_rgb": [
      220.0,
      212.0,
      188.0
    ],
    "display_lab": [
      93.08112990902565,
      -0.9771206574599118,
      13.126120973090968
    ],
    "display_rgb": [
      244.0,
      235.0,
      210.0
    ],
    "display_adjust": {
      "l_offset": 8.0,
      "chroma_scale": 0.95,
      "chroma_offset": 0.0,
      "a_offset": 0.3,
      "b_offset": 0.5,
      "chroma_max": 80.0
    }
  },
  "mapping_info": {
    "version": "visual_mapping_T_custom",
    "feature_mode": "poly2",
    "L_mode": "identity",
    "ridge_alpha": 1e-06
  },
  "topk": [
    {
      "code": "W099",
      "name": "浅灰白",
      "deltaE_match": 0.5748544640316965,
      "visual_display_L": 85.4979777476182,
      "visual_display_a": -1.3153318474383169,
      "visual_display_b": 12.492847777255122,
      "visual_crop_path": "output_128/glue_visual_library/visual_crops/W099_浅灰白.png",
      "machine_L": "83.97",
      "machine_a": "-0.97",
      "machine_b": "13.52",
      "standard_L": "83.97",
      "standard_a": "-0.97",
      "standard_b": "13.52",
      "rank": 1
    },
    {
      "code": "W102",
      "name": "哑白",
      "deltaE_match": 1.5337899846191319,
      "visual_display_L": 85.62726113658015,
      "visual_display_a": -1.6952076684824124,
      "visual_display_b": 11.17879445232286,
      "visual_crop_path": "output_128/glue_visual_library/visual_crops/W102_哑白.png",
      "machine_L": "89.17",
      "machine_a": "-1.43",
      "machine_b": "12.08",
      "standard_L": "89.17",
      "standard_a": "-1.43",
      "standard_b": "12.08",
      "rank": 2
    },
    {
      "code": "W103",
      "name": "浅米白",
      "deltaE_match": 1.8464647522167916,
      "visual_display_L": 83.07122953876193,
      "visual_display_a": -0.36091574219010436,
      "visual_display_b": 13.612236394645771,
      "visual_crop_path": "output_128/glue_visual_library/visual_crops/W103_浅米白.png",
      "machine_L": "89.39",
      "machine_a": "-0.3",
      "machine_b": "15.06",
      "standard_L": "89.39",
      "standard_a": "-0.3",
      "standard_b": "15.06",
      "rank": 3
    },
    {
      "code": "W106",
      "name": "浅象牙黄",
      "deltaE_match": 2.60093974058505,
      "visual_display_L": 87.33241860760857,
      "visual_display_a": -1.9918168863899965,
      "visual_display_b": 16.774891723028574,
      "visual_crop_path": "output_128/glue_visual_library/visual_crops/W106_浅象牙黄.png",
      "machine_L": "88.61",
      "machine_a": "-0.94",
      "machine_b": "18.01",
      "standard_L": "88.61",
      "standard_a": "-0.94",
      "standard_b": "18.01",
      "rank": 4
    },
    {
      "code": "W100",
      "name": "爵士白",
      "deltaE_match": 2.829478194527474,
      "visual_display_L": 83.67487169555967,
      "visual_display_a": -2.2186052313062365,
      "visual_display_b": 9.85077762241362,
      "visual_crop_path": "output_128/glue_visual_library/visual_crops/W100_爵士白.png",
      "machine_L": "91.72",
      "machine_a": "-1.45",
      "machine_b": "10.39",
      "standard_L": "91.72",
      "standard_a": "-1.45",
      "standard_b": "10.39",
      "rank": 5
    },
    {
      "code": "W107",
      "name": "淡米黄",
      "deltaE_match": 3.2480783029100637,
      "visual_display_L": 86.50563472890808,
      "visual_display_a": -3.437171457988497,
      "visual_display_b": 17.118481980683796,
      "visual_crop_path": "output_128/glue_visual_library/visual_crops/W107_淡米黄.png",
      "machine_L": "81.03",
      "machine_a": "-2.59",
      "machine_b": "17.51",
      "standard_L": "81.03",
      "standard_a": "-2.59",
      "standard_b": "17.51",
      "rank": 6
    },
    {
      "code": "W097",
      "name": "象牙白",
      "deltaE_match": 4.028996957700605,
      "visual_display_L": 85.22074473971495,
      "visual_display_a": -2.4037783615079578,
      "visual_display_b": 20.226755787634907,
      "visual_crop_path": "output_128/glue_visual_library/visual_crops/W097_象牙白.png",
      "machine_L": "87.44",
      "machine_a": "-1.69",
      "machine_b": "20.47",
      "standard_L": "87.44",
      "standard_a": "-1.69",
      "standard_b": "20.47",
      "rank": 7
    },
    {
      "code": "W109",
      "name": "米黄",
      "deltaE_match": 4.089070817827428,
      "visual_display_L": 86.2937369777445,
      "visual_display_a": -1.8485193322348437,
      "visual_display_b": 20.32347543840092,
      "visual_crop_path": "output_128/glue_visual_library/visual_crops/W109_米黄.png",
      "machine_L": "78.87",
      "machine_a": "-0.71",
      "machine_b": "19.95",
      "standard_L": "78.87",
      "standard_a": "-0.71",
      "standard_b": "19.95",
      "rank": 8
    },
    {
      "code": "W111",
      "name": "沙黄色",
      "deltaE_match": 5.776202611089564,
      "visual_display_L": 80.91639955518546,
      "visual_display_a": 0.8272882749115751,
      "visual_display_b": 20.894267196890336,
      "visual_crop_path": "output_128/glue_visual_library/visual_crops/W111_沙黄色.png",
      "machine_L": "75.8",
      "machine_a": "1.6",
      "machine_b": "21.42",
      "standard_L": "75.8",
      "standard_a": "1.6",
      "standard_b": "21.42",
      "rank": 9
    },
    {
      "code": "W104",
      "name": "金沙黄",
      "deltaE_match": 5.985982656197999,
      "visual_display_L": 77.74095575776242,
      "visual_display_a": -1.67732909630125,
      "visual_display_b": 18.948365395270027,
      "visual_crop_path": "output_128/glue_visual_library/visual_crops/W104_金沙黄.png",
      "machine_L": "81.77",