{
  "input": {
    "photo": "board.jpg",
    "standard": "standard_chart.png",
    "library": "output_128\\glue_visual_library\\glue_visual_library.csv",
    "mapping": "output_128\\glue_visual_library\\visual_mapping_T_poly2\\visual_mapping_T.json"
  },
  "colorchecker_model": {
    "model_type": "root_poly2",
    "ridge_alpha": 1e-06,
    "correction_strength": 1.0,
    "chart_deltaE": {
      "before": {
        "mean": 9.274083171833494,
        "median": 9.732962064954744,
        "max": 13.171620987796691,
        "p95": 12.649686968082063
      },
      "after": {
        "mean": 3.046837180107945,
        "median": 2.1111466429806836,
        "max": 9.295930154745838,
        "p95": 6.175864781606997
      },
      "before_deltaE": [
        10.961325241054789,
        9.860058471848326,
        11.86792744100546,
        10.634976227048089,
        9.827175316171555,
        6.201002485013015,
        11.277278926998473,
        8.566794551490243,
        9.885803955228722,
        12.04182150883533,
        9.030489943554803,
        9.638748813737932,
        9.30987755029167,
        10.885205071241026,
        7.025118273264305,
        5.53278847495586,
        7.082853312816627,
        8.094853919745633,
        5.367613575067837,
        4.228196934169858,
        7.586167460917956,
        13.171620987796691,
        12.756957343243254,
        11.74334033850641
      ],
      "after_deltaE": [
        5.188780903851164,
        3.84788750128237,
        3.104621492910698,
        5.168793371682374,
        2.741838728142139,
        1.4096828841764977,
        1.6124536385251766,
        2.0277289416526036,
        1.6033211821539608,
        9.295930154745838,
        2.1388038249705654,
        1.80570548296475,
        5.708457408500518,
        2.0834894609908012,
        6.23214640713174,
        1.3418695263559162,
        0.7684687299474066,
        3.314467398959053,
        1.827655200021389,
        1.179081874264304,
        1.5603540185275782,
        3.0888586834089375,
        0.21675993712477776,
        5.856935570300125
      ]
    }
  },
  "board": {
    "roi_xyxy": [
      857,
      823,
      1338,
      1252
    ],
    "corrected_rgb": [
      226.50271507507435,
      227.5351708023628,
      223.0666460030876
    ],
    "corrected_lab": [
      90.23541817224353,
      -1.1414282767782113,
      2.054190275374257
    ],
    "visual_lab": [
      90.23541817224353,
      -1.8439827295505096,
      8.682760302373355
    ],
    "visual_rgb": [
      231.0,
      227.0,
      210.0
    ],
    "display_lab": [
      90.23541817224353,
      -1.8439827295505096,
      8.682760302373355
    ],
    "display_rgb": [
      231.0,
      227.0,
      210.0
    ],
    "display_adjust": {
      "l_offset": 0.0,
      "chroma_scale": 1.0,
      "chroma_offset": 0.0,
      "a_offset": 0.0,
      "b_offset": 0.0,
      "chroma_max": 80.0
    }
  },
  "mapping_info": {
    "version": "visual_mapping_T_custom",
    "feature_mode": "poly2",
    "L_mode": "identity",
    "ridge_alpha": 1e-06
  },
  "topk": [
    {
      "code": "W102",
      "name": "哑白",
      "deltaE_match": 3.4412818448845335,
      "visual_display_L": 85.62726113658015,
      "visual_display_a": -1.6952076684824124,
      "visual_display_b": 11.17879445232286,
      "visual_crop_path": "output_128/glue_visual_library/visual_crops/W102_哑白.png",
      "machine_L": "89.17",
      "machine_a": "-1.43",
      "machine_b": "12.08",
      "standard_L": "89.17",
      "standard_a": "-1.43",
      "standard_b": "12.08",
      "rank": 1
    },
    {
      "code": "W099",
      "name": "浅灰白",
      "deltaE_match": 4.106586485260881,
      "visual_display_L": 85.4979777476182,
      "visual_display_a": -1.3153318474383169,
      "visual_display_b": 12.492847777255122,
      "visual_crop_path": "output_128/glue_visual_library/visual_crops/W099_浅灰白.png",
      "machine_L": "83.97",
      "machine_a": "-0.97",
      "machine_b": "13.52",
      "standard_L": "83.97",
      "standard_a": "-0.97",
      "standard_b": "13.52",
      "rank": 2
    },
    {
      "code": "W100",
      "name": "爵士白",
      "deltaE_match": 4.327229400488024,
      "visual_display_L": 83.67487169555967,
      "visual_display_a": -2.2186052313062365,
      "visual_display_b": 9.85077762241362,
      "visual_crop_path": "output_128/glue_visual_library/visual_crops/W100_爵士白.png",
      "machine_L": "91.72",
      "machine_a": "-1.45",
      "machine_b": "10.39",
      "standard_L": "91.72",
      "standard_a": "-1.45",
      "standard_b": "10.39",
      "rank": 3
    },
    {
      "code": "W098",
      "name": "星光白",
      "deltaE_match": 5.132959699953278,
      "visual_display_L": 85.36603765863202,
      "visual_display_a": -0.7226336976547953,
      "visual_display_b": 3.689077451460898,
      "visual_crop_path": "output_128/glue_visual_library/visual_crops/W098_星光白.png",
      "machine_L": "83.58",
      "machine_a": "0.04",
      "machine_b": "3.94",
      "standard_L": "83.58",
      "standard_a": "0.04",
      "standard_b": "3.94",
      "rank": 4
    },
    {
      "code": "W106",
      "name": "浅象牙黄",
      "deltaE_match": 5.504445368225882,
      "visual_display_L": 87.33241860760857,
      "visual_display_a": -1.9918168863899965,
      "visual_display_b": 16.774891723028574,
      "visual_crop_path": "output_128/glue_visual_library/visual_crops/W106_浅象牙黄.png",
      "machine_L": "88.61",
      "machine_a": "-0.94",
      "machine_b": "18.01",
      "standard_L": "88.61",
      "standard_a": "-0.94",
      "standard_b": "18.01",
      "rank": 5
    },
    {
      "code": "W107",
      "name": "淡米黄",
      "deltaE_match": 5.942686890628316,
      "visual_display_L": 86.50563472890808,
      "visual_display_a": -3.437171457988497,
      "visual_display_b": 17.118481980683796,
      "visual_crop_path": "output_128/glue_visual_library/visual_crops/W107_淡米黄.png",
      "machine_L": "81.03",
      "machine_a": "-2.59",
      "machine_b": "17.51",
      "standard_L": "81.03",
      "standard_a": "-2.59",
      "standard_b": "17.51",
      "rank": 6
    },
    {
      "code": "W103",
      "name": "浅米白",
      "deltaE_match": 6.103239861643713,
      "visual_display_L": 83.07122953876193,
      "visual_display_a": -0.36091574219010436,
      "visual_display_b": 13.612236394645771,
      "visual_crop_path": "output_128/glue_visual_library/visual_crops/W103_浅米白.png",
      "machine_L": "89.39",
      "machine_a": "-0.3",
      "machine_b": "15.06",
      "standard_L": "89.39",
      "standard_a": "-0.3",
      "standard_b": "15.06",
      "rank": 7
    },
    {
      "code": "W109",
      "name": "米黄",
      "deltaE_match": 7.553684164869869,
      "visual_display_L": 86.2937369777445,
      "visual_display_a": -1.8485193322348437,
      "visual_display_b": 20.32347543840092,
      "visual_crop_path": "output_128/glue_visual_library/visual_crops/W109_米黄.png",
      "machine_L": "78.87",
      "machine_a": "-0.71",
      "machine_b": "19.95",
      "standard_L": "78.87",
      "standard_a": "-0.71",
      "standard_b": "19.95",
      "rank": 8
    },
    {
      "code": "W097",
      "name": "象牙白",
      "deltaE_match": 7.7239489069489,
      "visual_display_L": 85.22074473971495,
      "visual_display_a": -2.4037783615079578,
      "visual_display_b": 20.226755787634907,
      "visual_crop_path": "output_128/glue_visual_library/visual_crops/W097_象牙白.png",
      "machine_L": "87.44",
      "machine_a": "-1.69",
      "machine_b": "20.47",
      "standard_L": "87.44",
      "standard_a": "-1.69",
      "standard_b": "20.47",
      "rank": 9
    },
    {
      "code": "W101",
      "name": "米色",
      "deltaE_match": 8.391967990274699,
      "visual_display_L": 79.26360752764981,
      "visual_display_a": 1.201569891129406,
      "visual_display_b": 7.569337990188862,
      "visual_crop_path": "output_128/glue_visual_library/visual_crops/W101_米色.png",
      "machine_L": "80.46",