{
  "input": {
    "photo": "board.jpg",
    "standard": "standard_chart.png",
    "library": "output_128\\glue_visual_library\\glue_visual_library.csv",
    "mapping": "output_128\\glue_visual_library\\visual_mapping_T\\visual_mapping_T.json"
  },
  "colorchecker_model": {
    "model_type": "root_poly2",
    "ridge_alpha": 1e-06,
    "correction_strength": 1.0,
    "chart_deltaE": {
      "before": {
        "mean": 9.26588378672009,
        "median": 9.67806709520129,
        "max": 13.19649619559759,
        "p95": 12.637180652179469
      },
      "after": {
        "mean": 3.019818513168205,
        "median": 2.090764247966081,
        "max": 9.270743456685402,
        "p95": 6.168476605189265
      },
      "before_deltaE": [
        10.938616155592083,
        9.832761408473567,
        11.83431697881733,
        10.601569979085687,
        9.796691846683444,
        6.156814541748291,
        11.20856813703362,
        8.546401705229313,
        9.861489443867866,
        12.022605217673751,
        8.944891155267515,
        9.559442343719137,
        9.304400459250044,
        10.927266576166451,
        7.04719535543667,
        5.516618471436093,
        7.033202550209384,
        8.076938005107845,
        5.441327672267652,
        4.338219057077572,
        7.692205697714001,
        13.19649619559759,
        12.745635140621657,
        11.757536787205613
      ],
      "after_deltaE": [
        5.249366988336055,
        3.7876569794205768,
        3.0751827509104803,
        5.1494006044526435,
        2.6495075332528617,
        1.3942907423040942,
        1.612502413952992,
        2.0358742866135664,
        1.6584497799199998,
        9.270743456685402,
        2.081474160179003,
        1.8103952598301054,
        5.671228287893836,
        2.100054335753159,
        6.22542057339564,
        1.3540922247468163,
        0.7371919966802112,
        3.1535065943360134,
        1.3864046290322425,
        1.3108622045531757,
        1.5252034776104637,
        3.1715675743142846,
        0.21947334317681141,
        5.845794118686481
      ]
    }
  },
  "board": {
    "roi_xyxy": [
      4075,
      143,
      4484,
      547
    ],
    "corrected_rgb": [
      217.10462262070993,
      218.43747335930036,
      210.67460130815022
    ],
    "corrected_lab": [
      86.91080328956319,
      -1.8335705135021918,
      3.654053954242098
    ],
    "visual_lab": [
      86.91080328956319,
      -1.776285974145902,
      8.800434760200769
    ],
    "visual_rgb": [
      221.0,
      218.0,
      201.0
    ]
  },
  "mapping_info": {
    "version": "visual_mapping_T_custom",
    "feature_mode": "poly2",
    "L_mode": "identity",
    "ridge_alpha": 1e-06
  },
  "topk": [
    {
      "code": "W102",
      "name": "哑白",
      "deltaE_match": 1.8722416086876041,
      "visual_display_L": 85.62726113658015,
      "visual_display_a": -1.6952076684824124,
      "visual_display_b": 11.17879445232286,
      "visual_crop_path": "output_128/glue_visual_library/visual_crops/W102_哑白.png",
      "machine_L": "89.17",
      "machine_a": "-1.43",
      "machine_b": "12.08",
      "standard_L": "89.17",
      "standard_a": "-1.43",
      "standard_b": "12.08",
      "rank": 1
    },
    {
      "code": "W100",
      "name": "爵士白",
      "deltaE_match": 2.295627384801614,
      "visual_display_L": 83.67487169555967,
      "visual_display_a": -2.2186052313062365,
      "visual_display_b": 9.85077762241362,
      "visual_crop_path": "output_128/glue_visual_library/visual_crops/W100_爵士白.png",
      "machine_L": "91.72",
      "machine_a": "-1.45",
      "machine_b": "10.39",
      "standard_L": "91.72",
      "standard_a": "-1.45",
      "standard_b": "10.39",
      "rank": 2
    },
    {
      "code": "W099",
      "name": "浅灰白",
      "deltaE_match": 2.811721763374505,
      "visual_display_L": 85.4979777476182,
      "visual_display_a": -1.3153318474383169,
      "visual_display_b": 12.492847777255122,
      "visual_crop_path": "output_128/glue_visual_library/visual_crops/W099_浅灰白.png",
      "machine_L": "83.97",
      "machine_a": "-0.97",
      "machine_b": "13.52",
      "standard_L": "83.97",
      "standard_a": "-0.97",
      "standard_b": "13.52",
      "rank": 3
    },
    {
      "code": "W098",
      "name": "星光白",
      "deltaE_match": 4.255993579704831,
      "visual_display_L": 85.36603765863202,
      "visual_display_a": -0.7226336976547953,
      "visual_display_b": 3.689077451460898,
      "visual_crop_path": "output_128/glue_visual_library/visual_crops/W098_星光白.png",
      "machine_L": "83.58",
      "machine_a": "0.04",
      "machine_b": "3.94",
      "standard_L": "83.58",
      "standard_a": "0.04",
      "standard_b": "3.94",
      "rank": 4
    },
    {
      "code": "W103",
      "name": "浅米白",
      "deltaE_match": 4.598428603542748,
      "visual_display_L": 83.07122953876193,
      "visual_display_a": -0.36091574219010436,
      "visual_display_b": 13.612236394645771,
      "visual_crop_path": "output_128/glue_visual_library/visual_crops/W103_浅米白.png",
      "machine_L": "89.39",
      "machine_a": "-0.3",
      "machine_b": "15.06",
      "standard_L": "89.39",
      "standard_a": "-0.3",
      "standard_b": "15.06",
      "rank": 5
    },
    {
      "code": "W106",
      "name": "浅象牙黄",
      "deltaE_match": 5.101033879517746,
      "visual_display_L": 87.33241860760857,
      "visual_display_a": -1.9918168863899965,
      "visual_display_b": 16.774891723028574,
      "visual_crop_path": "output_128/glue_visual_library/visual_crops/W106_浅象牙黄.png",
      "machine_L": "88.61",
      "machine_a": "-0.94",
      "machine_b": "18.01",
      "standard_L": "88.61",
      "standard_a": "-0.94",
      "standard_b": "18.01",
      "rank": 6
    },
    {
      "code": "W107",
      "name": "淡米黄",
      "deltaE_match": 5.392892901674025,
      "visual_display_L": 86.50563472890808,
      "visual_display_a": -3.437171457988497,
      "visual_display_b": 17.118481980683796,
      "visual_crop_path": "output_128/glue_visual_library/visual_crops/W107_淡米黄.png",
      "machine_L": "81.03",
      "machine_a": "-2.59",
      "machine_b": "17.51",
      "standard_L": "81.03",
      "standard_a": "-2.59",
      "standard_b": "17.51",
      "rank": 7
    },
    {
      "code": "W101",
      "name": "米色",
      "deltaE_match": 6.615792966383317,
      "visual_display_L": 79.26360752764981,
      "visual_display_a": 1.201569891129406,
      "visual_display_b": 7.569337990188862,
      "visual_crop_path": "output_128/glue_visual_library/visual_crops/W101_米色.png",
      "machine_L": "80.46",
      "machine_a": "1.15",
      "machine_b": "8.0",
      "standard_L": "80.46",
      "standard_a": "1.15",
      "standard_b": "8.0",
      "rank": 8
    },
    {
      "code": "W097",
      "name": "象牙白",
      "deltaE_match": 7.023085831823912,
      "visual_display_L": 85.22074473971495,
      "visual_display_a": -2.4037783615079578,
      "visual_display_b": 20.226755787634907,
      "visual_crop_path": "output_128/glue_visual_library/visual_crops/W097_象牙白.png",
      "machine_L": "87.44",
      "machine_a": "-1.69",
      "machine_b": "20.47",
      "standard_L": "87.44",
      "standard_a": "-1.69",
      "standard_b": "20.47",
      "rank": 9
    },
    {
      "code": "W109",
      "name": "米黄",
      "deltaE_match": 7.038841338608218,
      "visual_display_L": 86.2937369777445,
      "visual_display_a": -1.8485193322348437,
      "visual_display_b": 20.32347543840092,
      "visual_crop_path": "output_128/glue_visual_library/visual_crops/W109_米黄.png",
      "machine_L": "78.87",
      "machine_a": "-0.71",
      "machine_b": "19.95",
      "standard_L": "78.87",
      "standard_a": "-0.71",
      "standard_b": "19.95",
      "rank": 10
    }
  ],
  "note": "匹配误差 deltaE_match = ΔE(board_visual_lab, glue_visual_display_lab)。"
}