count,before_mean_deltaE,base_mean_deltaE,model_mean_deltaE,before_median_deltaE,base_median_deltaE,model_median_deltaE,before_max_deltaE,base_max_deltaE,model_max_deltaE,model_p95_deltaE,classification_acc,harm_vs_before_rate,harm_vs_base_rate,alpha
1280,15.931540340816309,9.902912509658464,5.92249474856671,15.644741191726723,8.190277385553795,5.2476117782583,40.24673339127034,29.561627367077705,17.640858206780873,12.24977919547042,0.24453125,0.14375,0.3015625,0.1
1280,15.931540340816309,9.902912509658464,5.904538705238713,15.644741191726723,8.190277385553795,5.227098342358713,40.24673339127034,29.561627367077705,17.635185494585162,12.263727083960777,0.24453125,0.14375,0.3,1.0
1280,15.931540340816309,9.902912509658464,5.876437282194637,15.644741191726723,8.190277385553795,5.218998006353258,40.24673339127034,29.561627367077705,17.550937163200416,12.214177921578111,0.24765625,0.14140625,0.29609375,3.0
1280,15.931540340816309,9.902912509658464,5.857651745364693,15.644741191726723,8.190277385553795,5.155305761480884,40.24673339127034,29.561627367077705,17.54082811519112,12.051838242679517,0.2484375,0.140625,0.29375,10.0
1280,15.931540340816309,9.902912509658464,5.977495463823415,15.644741191726723,8.190277385553795,5.372254579454592,40.24673339127034,29.561627367077705,17.540448072447486,12.2327611069974,0.23046875,0.1421875,0.30390625,30.0
1280,15.931540340816309,9.902912509658464,6.328555190051173,15.644741191726723,8.190277385553795,5.864547993511387,40.24673339127034,29.561627367077705,17.595482772325674,12.311682734483286,0.203125,0.14609375,0.33203125,100.0
1280,15.931540340816309,9.902912509658464,6.6228714615690025,15.644741191726723,8.190277385553795,6.089609736864934,40.24673339127034,29.561627367077705,17.727623201987768,12.596414327826187,0.18515625,0.1578125,0.35703125,300.0
