group,count,before_mean_deltaE,root_mean_deltaE,final_mean_deltaE,final_max_deltaE,classification_acc,harm_rate
W001-W016,16,16.94911488466105,18.33173549006401,18.112334488810674,22.19658124398463,0.125,0.8125
W017-W032,16,22.564286099769134,25.638793079522937,24.954655013458307,28.768063684902057,0.0,1.0
W033-W048,16,21.665938315958684,25.194454041092584,24.368321728216113,26.599989409117956,0.0,1.0
W049-W064,16,21.289432325643798,25.082146688635493,24.129579568172083,29.240221044935655,0.0,1.0
W065-W080,16,19.536619794220098,21.95422515346953,20.87469356127243,28.587861195344974,0.0,1.0
W081-W096,16,11.314526130438594,12.713527938605813,11.628346443722322,15.603659182396429,0.0625,0.5
W097-W112,16,6.834750835422315,10.487880136373596,9.386762893684581,18.92718944604032,0.125,1.0
W113-W128,16,7.571759501915031,10.543132399149929,9.1566627698844,13.956269965987387,0.0625,1.0
