{
  "input": {
    "photo": "real2.jpg",
    "standard": "standard_chart.png",
    "library": "output_128\\glue_visual_library\\glue_visual_library.csv",
    "mapping": "output_128\\glue_visual_library\\visual_mapping_T_poly2\\visual_mapping_T.json"
  },
  "colorchecker_model": {
    "model_type": "root_poly2",
    "ridge_alpha": 1e-06,
    "correction_strength": 1.0,
    "chart_deltaE": {
      "before": {
        "mean": 6.02299512191835,
        "median": 4.737726767429212,
        "max": 15.691186720060875,
        "p95": 12.300408534940887
      },
      "after": {
        "mean": 2.4528681369544967,
        "median": 2.424783232004366,
        "max": 5.369506088915434,
        "p95": 4.111007959590849
      },
      "before_deltaE": [
        7.948474099066199,
        4.845963763445517,
        3.9591981058257297,
        8.369238644608503,
        2.6862368334207796,
        4.629489771412907,
        4.171184153842367,
        6.949489572058573,
        4.294835691927723,
        11.415283497437308,
        4.124902644060467,
        3.4164039564540394,
        9.205396394550931,
        3.0781000856615135,
        4.5010347786174325,
        2.1109097085326347,
        2.724155394459399,
        7.283792512699989,
        2.4140980738087037,
        5.9151900942807005,
        5.772842340259908,
        6.587869018577275,
        12.456607070970932,
        15.691186720060875
      ],
      "after_deltaE": [
        3.119519659930592,
        3.334306984798011,
        1.4852704298043868,
        3.988889406924371,
        0.815063929119943,
        1.3404086449082007,
        1.1767490519789345,
        1.5256760663035165,
        1.422427644124057,
        5.369506088915434,
        0.8557763089897957,
        1.3029355138675036,
        4.132558292414346,
        1.8059119627658478,
        3.8420910741914027,
        1.2676720680328193,
        0.7455090307275534,
        2.9411981160047147,
        2.5994846536262073,
        2.714841084222289,
        3.2594911189577047,
        3.642591788548816,
        3.930874557368955,
        2.250081810382525
      ]
    }
  },
  "board": {
    "roi_xyxy": [
      973,
      166,
      1543,
      385
    ],
    "corrected_rgb": [
      221.22793855251754,
      217.28821350281237,
      206.26712491715804
    ],
    "corrected_lab": [
      86.8259077674536,
      -0.5699525223582524,
      5.896567735197955
    ],
    "visual_lab": [
      86.8259077674536,
      -1.7283705506171383,
      9.744426959335703
    ],
    "visual_rgb": [
      222.0,
      218.0,
      199.0
    ],
    "display_lab": [
      94.8259077674536,
      -1.3419520230862811,
      9.757205611368917
    ],
    "display_rgb": [
      246.0,
      240.0,
      221.0
    ],
    "display_adjust": {
      "l_offset": 8.0,
      "chroma_scale": 0.95,
      "chroma_offset": 0.0,
      "a_offset": 0.3,
      "b_offset": 0.5,
      "chroma_max": 80.0
    }
  },
  "mapping_info": {
    "version": "visual_mapping_T_custom",
    "feature_mode": "poly2",
    "L_mode": "identity",
    "ridge_alpha": 1e-06
  },
  "topk": [
    {
      "code": "W102",
      "name": "哑白",
      "deltaE_match": 1.261355705290721,
      "visual_display_L": 85.62726113658015,
      "visual_display_a": -1.6952076684824124,
      "visual_display_b": 11.17879445232286,
      "visual_crop_path": "output_128/glue_visual_library/visual_crops/W102_哑白.png",
      "machine_L": "89.17",
      "machine_a": "-1.43",
      "machine_b": "12.08",
      "standard_L": "89.17",
      "standard_a": "-1.43",
      "standard_b": "12.08",
      "rank": 1
    },
    {
      "code": "W100",
      "name": "爵士白",
      "deltaE_match": 2.159884478919789,
      "visual_display_L": 83.67487169555967,
      "visual_display_a": -2.2186052313062365,
      "visual_display_b": 9.85077762241362,
      "visual_crop_path": "output_128/glue_visual_library/visual_crops/W100_爵士白.png",
      "machine_L": "91.72",
      "machine_a": "-1.45",
      "machine_b": "10.39",
      "standard_L": "91.72",
      "standard_a": "-1.45",
      "standard_b": "10.39",
      "rank": 2
    },
    {
      "code": "W099",
      "name": "浅灰白",
      "deltaE_match": 2.161695656432438,
      "visual_display_L": 85.4979777476182,
      "visual_display_a": -1.3153318474383169,
      "visual_display_b": 12.492847777255122,
      "visual_crop_path": "output_128/glue_visual_library/visual_crops/W099_浅灰白.png",
      "machine_L": "83.97",
      "machine_a": "-0.97",
      "machine_b": "13.52",
      "standard_L": "83.97",
      "standard_a": "-0.97",
      "standard_b": "13.52",
      "rank": 3
    },
    {
      "code": "W103",
      "name": "浅米白",
      "deltaE_match": 4.060820154487521,
      "visual_display_L": 83.07122953876193,
      "visual_display_a": -0.36091574219010436,
      "visual_display_b": 13.612236394645771,
      "visual_crop_path": "output_128/glue_visual_library/visual_crops/W103_浅米白.png",
      "machine_L": "89.39",
      "machine_a": "-0.3",
      "machine_b": "15.06",
      "standard_L": "89.39",
      "standard_a": "-0.3",
      "standard_b": "15.06",
      "rank": 4
    },
    {
      "code": "W106",
      "name": "浅象牙黄",
      "deltaE_match": 4.433897106812688,
      "visual_display_L": 87.33241860760857,
      "visual_display_a": -1.9918168863899965,
      "visual_display_b": 16.774891723028574,
      "visual_crop_path": "output_128/glue_visual_library/visual_crops/W106_浅象牙黄.png",
      "machine_L": "88.61",
      "machine_a": "-0.94",
      "machine_b": "18.01",
      "standard_L": "88.61",
      "standard_a": "-0.94",
      "standard_b": "18.01",
      "rank": 5
    },
    {
      "code": "W107",
      "name": "淡米黄",
      "deltaE_match": 4.788330981134644,
      "visual_display_L": 86.50563472890808,
      "visual_display_a": -3.437171457988497,
      "visual_display_b": 17.118481980683796,
      "visual_crop_path": "output_128/glue_visual_library/visual_crops/W107_淡米黄.png",
      "machine_L": "81.03",
      "machine_a": "-2.59",
      "machine_b": "17.51",
      "standard_L": "81.03",
      "standard_a": "-2.59",
      "standard_b": "17.51",
      "rank": 6
    },
    {
      "code": "W098",
      "name": "星光白",
      "deltaE_match": 4.845392297445033,
      "visual_display_L": 85.36603765863202,
      "visual_display_a": -0.7226336976547953,
      "visual_display_b": 3.689077451460898,
      "visual_crop_path": "output_128/glue_visual_library/visual_crops/W098_星光白.png",
      "machine_L": "83.58",
      "machine_a": "0.04",
      "machine_b": "3.94",
      "standard_L": "83.58",
      "standard_a": "0.04",
      "standard_b": "3.94",
      "rank": 7
    },
    {
      "code": "W097",
      "name": "象牙白",
      "deltaE_match": 6.362862448881192,
      "visual_display_L": 85.22074473971495,
      "visual_display_a": -2.4037783615079578,
      "visual_display_b": 20.226755787634907,
      "visual_crop_path": "output_128/glue_visual_library/visual_crops/W097_象牙白.png",
      "machine_L": "87.44",
      "machine_a": "-1.69",
      "machine_b": "20.47",
      "standard_L": "87.44",
      "standard_a": "-1.69",
      "standard_b": "20.47",
      "rank": 8
    },
    {
      "code": "W109",
      "name": "米黄",
      "deltaE_match": 6.367272316005085,
      "visual_display_L": 86.2937369777445,
      "visual_display_a": -1.8485193322348437,
      "visual_display_b": 20.32347543840092,
      "visual_crop_path": "output_128/glue_visual_library/visual_crops/W109_米黄.png",
      "machine_L": "78.87",
      "machine_a": "-0.71",
      "machine_b": "19.95",
      "standard_L": "78.87",
      "standard_a": "-0.71",
      "standard_b": "19.95",
      "rank": 9
    },
    {
      "code": "W101",
      "name": "米色",
      "deltaE_match": 6.64144363416153,
      "visual_display_L": 79.26360752764981,
      "visual_display_a": 1.201569891129406,
      "visual_display_b": 7.569337990188862,
      "visual_crop_path": "output_128/glue_visual_library/visual_crops/W101_米色.png",
      "machine_L": "80.46",