alpha,target_mean_deltaE,target_median_deltaE,target_max_deltaE,target_p95_deltaE,harm_count,harm_rate,classification_acc
0.0,14.144713991534472,14.67629963903315,16.80787356078002,16.594129147828873,0,0.0,0.16666666666666666
0.25,11.381504225803196,11.695274854029286,13.61932211150339,13.277055106581967,0,0.0,0.25
0.5,8.584270426426281,8.733788290325695,10.232794423376971,10.021922357210052,0,0.0,0.4166666666666667
0.75,5.772158976848238,6.107999019516068,7.085864204716073,7.05279764817766,0,0.0,0.5
1.0,3.063383598533969,3.4144904576840593,4.842750733989951,4.552743441386337,0,0.0,0.9166666666666666
