group,count,before_mean_deltaE,root_mean_deltaE,final_mean_deltaE,final_max_deltaE,classification_acc,harm_rate
W001-W016,16,14.30854839899295,13.863149375896636,13.706182921942453,18.54606386201309,0.125,0.375
W017-W032,16,17.175293160686948,18.997807230266957,18.33274728157057,22.20084412963695,0.0,0.9375
W033-W048,16,14.937615478898534,16.8795858976502,15.934843571485773,19.6482419808022,0.0625,1.0
W049-W064,16,14.659960059511741,16.887552583285682,15.889968341019014,21.756897891458223,0.0,0.9375
W065-W080,16,14.43222305341096,15.041246064579646,13.798254466162232,21.599947017297275,0.0625,0.3125
W081-W096,16,7.078603948535956,6.913223634550301,5.836850400665989,8.345316139318912,0.0625,0.1875
W097-W112,16,5.875553713046818,8.848450954143996,8.062896499453458,17.89527196202518,0.0625,0.9375
W113-W128,16,7.215210050086585,9.274305319056968,8.293316481764935,22.812526025861374,0.1875,0.9375
