group,n_samples,before_mean_deltaE,root_mean_deltaE,final_mean_deltaE,final_max_deltaE,final_p95_deltaE,classification_acc,harm_rate
W001-W016,208,15.76880154334996,11.023060109676091,11.272696949083011,22.65031442435453,19.051131073101388,0.09615384615384616,0.11538461538461539
W017-W032,208,19.629375700536084,15.417348904508755,15.492453084013768,29.561627367077705,26.405575235292783,0.11538461538461539,0.2548076923076923
W033-W048,208,18.157643384823025,14.009921807747236,13.98740668354316,26.696717748696358,24.853209006907594,0.09615384615384616,0.2980769230769231
W049-W064,208,16.57331197007958,13.55036899545466,13.42356468205687,29.240221044935655,24.340922268187168,0.07211538461538461,0.38461538461538464
W065-W080,208,16.278134534539564,10.793120628566204,10.542085050720562,28.587861195344974,21.599947017297275,0.1346153846153846,0.16346153846153846
W081-W096,208,12.723243947413303,5.929331621611839,6.075216057748909,25.042645050291924,12.559176662990302,0.10096153846153846,0.07211538461538461
W097-W112,208,11.14341290071189,9.188345766448409,9.068909334741862,26.91898175340512,22.043803654429794,0.17307692307692307,0.375
W113-W128,208,12.98438786381871,7.43348811326997,6.97101283757979,22.812526025861374,15.929082853087605,0.27403846153846156,0.18269230769230768
