{
  "input": {
    "photo": "board.jpg",
    "standard": "standard_chart.png",
    "library": "output_128\\glue_visual_library\\glue_visual_library.csv",
    "mapping": "output_128\\glue_visual_library\\visual_mapping_T\\visual_mapping_T.json"
  },
  "colorchecker_model": {
    "model_type": "root_poly2",
    "ridge_alpha": 1e-06,
    "correction_strength": 1.0,
    "chart_deltaE": {
      "before": {
        "mean": 9.270971356970339,
        "median": 9.668298948208868,
        "max": 13.202510713990511,
        "p95": 12.643776134008633
      },
      "after": {
        "mean": 3.014003387473989,
        "median": 2.0892579696232487,
        "max": 9.273435758454436,
        "p95": 6.164904815253145
      },
      "before_deltaE": [
        10.959635366487012,
        9.885752104324746,
        11.84977672700725,
        10.608716265338764,
        9.799803606115889,
        6.146041461049804,
        11.228377128999417,
        8.548808612336682,
        9.865787269452573,
        12.012650128806442,
        8.944962875300996,
        9.536794290301849,
        9.310763094341596,
        10.93198035694604,
        7.040727706197453,
        5.513223694609184,
        7.044994182011354,
        8.051368036908688,
        5.47317351474114,
        4.361014399175502,
        7.700774706702845,
        13.202510713990511,
        12.755151311397256,
        11.730525014745133
      ],
      "after_deltaE": [
        5.207041192890044,
        3.6885811599102767,
        3.0864145681661115,
        5.156492799438641,
        2.651349076937888,
        1.392771587309982,
        1.6218603145300894,
        2.0691004117051848,
        1.6749532701130767,
        9.273435758454436,
        2.0951363128672793,
        1.7929222039800126,
        5.6747663586791255,
        2.083379626379218,
        6.221335598530492,
        1.357530316051457,
        0.7544520622009188,
        3.1041536662796285,
        1.272245189354061,
        1.3567310213979007,
        1.560096151986282,
        3.174902501229907,
        0.22129977430220615,
        5.845130376681516
      ]
    }
  },
  "board": {
    "roi_xyxy": [
      790,
      2351,
      1266,
      2799
    ],
    "corrected_rgb": [
      182.58646043882004,
      176.99131733895774,
      168.1303570905469
    ],
    "corrected_lab": [
      72.42181481782241,
      0.4029053232654789,
      5.23375719941499
    ],
    "visual_lab": [
      72.42181481782241,
      -1.1486919018433541,
      6.378079107957233
    ],
    "visual_rgb": [
      181.0,
      178.0,
      166.0
    ]
  },
  "mapping_info": {
    "version": "visual_mapping_T_custom",
    "feature_mode": "poly2",
    "L_mode": "identity",
    "ridge_alpha": 1e-06
  },
  "topk": [
    {
      "code": "W046",
      "name": "浅灰色",
      "deltaE_match": 3.711155417595201,
      "visual_display_L": 68.96518116443855,
      "visual_display_a": 0.13582247647914159,
      "visual_display_b": 8.810761030926706,
      "visual_crop_path": "output_128/glue_visual_library/visual_crops/W046_浅灰色.png",
      "machine_L": "76.41",
      "machine_a": "0.5",
      "machine_b": "10.48",
      "standard_L": "76.41",
      "standard_a": "0.5",
      "standard_b": "10.48",
      "rank": 1
    },
    {
      "code": "W063",
      "name": "木纹灰",
      "deltaE_match": 4.604183742955101,
      "visual_display_L": 70.64735448192015,
      "visual_display_a": -1.9472563480399385,
      "visual_display_b": 1.4842591877073374,
      "visual_crop_path": "output_128/glue_visual_library/visual_crops/W063_木纹灰.png",
      "machine_L": "75.47",
      "machine_a": "-1.39",
      "machine_b": "4.54",
      "standard_L": "75.47",
      "standard_a": "-1.39",
      "standard_b": "4.54",
      "rank": 2
    },
    {
      "code": "W055",
      "name": "电信灰2",
      "deltaE_match": 5.411088695095169,
      "visual_display_L": 75.50011495846125,
      "visual_display_a": -2.7092561351809152,
      "visual_display_b": 1.3552878226720466,
      "visual_crop_path": "output_128/glue_visual_library/visual_crops/W055_电信灰2.png",
      "machine_L": "81.21",
      "machine_a": "-2.27",
      "machine_b": "5.93",
      "standard_L": "81.21",
      "standard_a": "-2.27",
      "standard_b": "5.93",
      "rank": 3
    },
    {
      "code": "W053",
      "name": "灰白色",
      "deltaE_match": 5.577871356892968,
      "visual_display_L": 71.03141162129052,
      "visual_display_a": -1.923478470767015,
      "visual_display_b": 0.2686581593271953,
      "visual_crop_path": "output_128/glue_visual_library/visual_crops/W053_灰白色.png",
      "machine_L": "89.57",
      "machine_a": "-2.07",
      "machine_b": "2.81",
      "standard_L": "89.57",
      "standard_a": "-2.07",
      "standard_b": "2.81",
      "rank": 4
    },
    {
      "code": "W101",
      "name": "米色",
      "deltaE_match": 6.012958757735798,
      "visual_display_L": 79.26360752764981,
      "visual_display_a": 1.201569891129406,
      "visual_display_b": 7.569337990188862,
      "visual_crop_path": "output_128/glue_visual_library/visual_crops/W101_米色.png",
      "machine_L": "80.46",
      "machine_a": "1.15",
      "machine_b": "8.0",
      "standard_L": "80.46",
      "standard_a": "1.15",
      "standard_b": "8.0",
      "rank": 5
    },
    {
      "code": "W052",
      "name": "土灰色",
      "deltaE_match": 6.459799976500485,
      "visual_display_L": 68.60817097636539,
      "visual_display_a": -2.7032993180209908,
      "visual_display_b": 0.32043299558557337,
      "visual_crop_path": "output_128/glue_visual_library/visual_crops/W052_土灰色.png",
      "machine_L": "83.2",
      "machine_a": "-1.99",
      "machine_b": "5.22",
      "standard_L": "83.2",
      "standard_a": "-1.99",
      "standard_b": "5.22",
      "rank": 6
    },
    {
      "code": "W096",
      "name": "慕云灰",
      "deltaE_match": 6.54952290432461,
      "visual_display_L": 76.95405830915915,
      "visual_display_a": -5.1632213402673095,
      "visual_display_b": 11.536977381976898,
      "visual_crop_path": "output_128/glue_visual_library/visual_crops/W096_慕云灰.png",
      "machine_L": "76.9",
      "machine_a": "-4.65",
      "machine_b": "11.02",
      "standard_L": "76.9",
      "standard_a": "-4.65",
      "standard_b": "11.02",
      "rank": 7
    },
    {
      "code": "W054",
      "name": "电信灰1",
      "deltaE_match": 6.591409723196593,
      "visual_display_L": 67.58372616424025,
      "visual_display_a": -1.962582565593396,
      "visual_display_b": 0.33920918955923085,
      "visual_crop_path": "output_128/glue_visual_library/visual_crops/W054_电信灰1.png",
      "machine_L": "84.55",
      "machine_a": "-2.61",
      "machine_b": "6.98",
      "standard_L": "84.55",
      "standard_a": "-2.61",
      "standard_b": "6.98",
      "rank": 8
    },
    {
      "code": "W035",
      "name": "奶茶色",
      "deltaE_match": 7.229273170385527,
      "visual_display_L": 65.2199123219568,
      "visual_display_a": -1.4615303108164168,
      "visual_display_b": 12.821150702646978,
      "visual_crop_path": "output_128/glue_visual_library/visual_crops/W035_奶茶色.png",
      "machine_L": "79.76",
      "machine_a": "-1.14",
      "machine_b": "14.77",
      "standard_L": "79.76",
      "standard_a": "-1.14",
      "standard_b": "14.77",
      "rank": 9
    },
    {
      "code": "W062",
      "name": "星光灰",
      "deltaE_match": 7.605280238787692,
      "visual_display_L": 64.30188748289147,
      "visual_display_a": -2.014401513068753,
      "visual_display_b": 1.8687185447114452,
      "visual_crop_path": "output_128/glue_visual_library/visual_crops/W062_星光灰.png",
      "machine_L": "72.16",
      "machine_a": "-1.09",
      "machine_b": "5.52",
      "standard_L": "72.16",
      "standard_a": "-1.09",
      "standard_b": "5.52",
      "rank": 10
    }
  ],
  "note": "匹配误差 deltaE_match = ΔE(board_visual_lab, glue_visual_display_lab)。"
}