group,count,before_mean_deltaE,root_mean_deltaE,final_mean_deltaE,final_max_deltaE,classification_acc,harm_rate
W001-W016,16,12.690821827789524,8.398326350623346,8.777498794762106,17.552765878160248,0.125,0.0
W017-W032,16,14.331052318262902,11.342938394896763,11.810366596244117,20.3968986081266,0.375,0.0
W033-W048,16,14.191240166993799,10.018373382108065,10.462017058198906,21.55916185470669,0.25,0.0
W049-W064,16,13.571058389292721,10.7431057947536,11.146263008271566,21.281500904690922,0.125,0.3125
W065-W080,16,12.500217645104389,7.121685149740349,7.499820146294745,17.805334329452315,0.375,0.0
W081-W096,16,12.68498044523708,5.121276340442062,5.794384712172047,20.967659523166603,0.0,0.0
W097-W112,16,14.827195283204322,12.175552178306901,12.588931413887682,24.902779050626393,0.375,0.0
W113-W128,16,13.456889460854615,7.200476350990982,7.391705458921318,20.457111044155244,0.3125,0.0
