rank,code,name,deltaE2000,std_L,std_a,std_b,confidence,top2_margin,model_L,model_a,model_b
1,W002,正红,6.650392189998577,39.73,39.58,14.35,medium,2.0185080049741337,33.3451306989448,46.479727429050456,21.817091406167776
2,W006,砖红,8.66890019497271,40.4,29.93,18.27,medium,2.0185080049741337,33.3451306989448,46.479727429050456,21.817091406167776
3,W003,中国红,9.207959978540716,43.52,53.88,20.92,medium,2.0185080049741337,33.3451306989448,46.479727429050456,21.817091406167776
4,W001,大红,9.789520365679632,44.5,46.99,19.2,medium,2.0185080049741337,33.3451306989448,46.479727429050456,21.817091406167776
5,W005,深红,10.299730487323378,34.6,21.8,9.75,medium,2.0185080049741337,33.3451306989448,46.479727429050456,21.817091406167776
