group,count,before_mean_deltaE,root_mean_deltaE,final_mean_deltaE,final_max_deltaE,classification_acc,harm_rate
W001-W016,16,16.71994994759131,9.62074742296926,9.55837255888146,13.643835981230923,0.0625,0.0
W017-W032,16,18.267800625262552,12.406108107337463,12.26256487704348,18.58479246162446,0.0,0.0
W033-W048,16,14.711149371819133,10.646293249009952,10.297062340561201,14.491134438596209,0.0,0.0
W049-W064,16,9.7829468248507,8.555991655425597,8.19749285726887,16.59552688864765,0.125,0.25
W065-W080,16,11.254024128416724,6.534289700953515,6.142342319721809,11.995139148952772,0.375,0.0625
W081-W096,16,8.491310173468088,3.274738481798838,3.493630306427916,5.463198667752832,0.3125,0.0
W097-W112,16,4.824595202066708,3.7072529936663403,3.5974987803286744,6.725675166063708,0.375,0.125
W113-W128,16,5.197185188072515,3.1506732595929723,3.1534847737380183,5.237193562520881,0.625,0.1875
