group,count,before_mean_deltaE,root_mean_deltaE,final_mean_deltaE,final_max_deltaE,classification_acc,harm_rate
W001-W016,16,16.71994994759131,9.62074742296926,9.62074742296926,15.310337840981477,0.0625,0.0
W017-W032,16,18.267800625262552,12.406108107337463,12.406108107337463,18.37056633532788,0.0,0.0
W033-W048,16,14.711149371819133,10.646293249009952,10.646293249009952,14.281487863941607,0.0,0.0
W049-W064,16,9.7829468248507,8.555991655425597,8.555991655425597,16.61269564783562,0.0,0.25
W065-W080,16,11.254024128416724,6.534289700953515,6.534289700953515,12.377297916766146,0.25,0.0625
W081-W096,16,8.491310173468088,3.274738481798838,3.274738481798838,5.106435211392211,0.3125,0.0625
W097-W112,16,4.824595202066708,3.7072529936663403,3.7072529936663403,7.1479536525811005,0.25,0.125
W113-W128,16,5.197185188072515,3.1506732595929723,3.1506732595929723,5.4676819872861,0.625,0.1875
