group,count,before_mean_deltaE,root_mean_deltaE,final_mean_deltaE,final_max_deltaE,classification_acc,harm_rate
W001-W016,16,20.782703540667654,12.812867362500903,12.925029658820716,17.207764088041515,0.0,0.0
W017-W032,16,27.244566907766153,18.960792604973307,18.42710508091798,26.405575235292783,0.0,0.0
W033-W048,16,22.47002731306516,15.924630956263503,15.217380487472418,20.759733704570806,0.0625,0.0
W049-W064,16,19.36708624029512,14.127675898570265,13.292508472030985,21.7369436192923,0.0625,0.0
W065-W080,16,18.501484537448306,10.05020252924679,8.892187006936133,15.430880401469896,0.0625,0.0
W081-W096,16,13.874939391013376,3.3274243365030745,3.285415849496092,5.172572617399601,0.25,0.0
W097-W112,16,4.8660914069167305,3.1639343458500115,3.0187272532004634,9.105222967940483,0.4375,0.125
W113-W128,16,11.502024855107244,3.550830841689617,2.511513354536985,4.093222640285196,0.75,0.0
