{
  "input": {
    "photo": "pic8.jpg",
    "standard_chart": "standard_chart.png",
    "standards_csv": "data.csv",
    "standards_count": 128,
    "target_count": 128,
    "eval_count": 128
  },
  "algorithm_note": "校正只使用 ColorChecker 标准和图像局部背景；不使用目标胶块标准 Lab 反推 shift。best 只用于离线评估候选参数。",
  "chart": {
    "corners": [
      [
        2377.097412109375,
        637.3756103515625
      ],
      [
        3421.9755859375,
        684.3950805664062
      ],
      [
        3395.853515625,
        1368.7901611328125
      ],
      [
        2350.9755859375,
        1326.9951171875
      ]
    ],
    "before_mean_deltaE": 7.7128028689170405,
    "before_max_deltaE": 17.000960492857406,
    "root_after_mean_deltaE": 2.6187227596804754,
    "root_after_max_deltaE": 7.512718228148231
  },
  "root_poly2": {
    "ridge_alpha": 1e-06,
    "W": [
      [
        1.119896351888656,
        -0.04371373743318246,
        -0.1961754489105418
      ],
      [
        -0.35218121820653153,
        0.974052069213551,
        -0.04995332847097251
      ],
      [
        -0.04075297558349502,
        -0.134207440810993,
        1.3156926921201753
      ],
      [
        0.13611709150694815,
        0.12436719426531272,
        0.1979034036766425
      ],
      [
        0.18166605714854536,
        -0.13084153631561649,
        0.23664225148680812
      ],
      [
        -0.09951674624185283,
        0.15754305590980622,
        -0.5601732445498672
      ],
      [
        0.06906489307483078,
        0.07064709743583814,
        0.06573110056212365
      ]
    ]
  },
  "chart_residual_model": {
    "ridge_alpha": 0.01,
    "W_lab": [
      [
        -2.257260044962647,
        6.314985674121809,
        -2.2432061635887894
      ],
      [
        0.32793219606185225,
        -4.616559197449973,
        2.0989876696755125
      ],
      [
        11.188308092209576,
        -2.4407773570269584,
        -3.0459453584923017
      ],
      [
        -2.7362137716201373,
        12.055287180414327,
        -6.8749060030131295
      ],
      [
        5.919877852588529,
        -13.162482168026282,
        4.158487389877703
      ],
      [
        0.6245963194416746,
        -2.9985739919143826,
        2.7398693287702613
      ],
      [
        -4.386726559039479,
        3.003941953424332,
        0.052934616207199275
      ]
    ],
    "mean_chart_residual_after_root": [
      -0.08178437409169466,
      0.44826101044084005,
      -0.013332496268430713
    ]
  },
  "local_background": {
    "reference_bg_lab": [
      84.71,
      -1.14,
      -3.64
    ],
    "global_bg_lab": [
      84.71,
      -1.14,
      -3.64
    ],
    "available_bg_count": 128,
    "bg_margin": 36,
    "bg_bright_percentile": 70.0,
    "bg_max_chroma": 18.0,
    "bg_gains": [
      0.75,
      0.35,
      0.9
    ],
    "bg_caps": [
      8.0,
      5.0,
      10.0
    ]
  },
  "best_candidate_for_diagnostic": {
    "candidate": "bg0p25_res0p00_family",
    "bg_strength": 0.25,
    "residual_strength": 0.0,
    "family_limit": true,
    "eval_count": 128,
    "before_mean_deltaE": 17.326115524034968,
    "before_median_deltaE": 15.749490525437576,
    "before_max_deltaE": 34.61744679134246,
    "root_mean_deltaE": 10.239794859449685,
    "root_median_deltaE": 9.995006481717738,
    "root_max_deltaE": 26.759543673811216,
    "final_mean_deltaE": 9.696233395426471,
    "final_median_deltaE": 9.21305786998812,
    "final_max_deltaE": 26.405575235292783,
    "final_p95_deltaE": 20.758640097954448,
    "harm_count": 2,
    "harm_rate": 0.015625,
    "classification_acc": 0.203125,
    "low_conf_count": 77
  },
  "outputs": {
    "root_corrected_photo": "dataset_runs\\run_008\\02_rootpoly2_corrected_photo.png",
    "candidate_summary": "dataset_runs\\run_008\\candidate_summary.csv",
    "best_target_results": "dataset_runs\\run_008\\best_target_results.csv",
    "group_summary_best": "dataset_runs\\run_008\\group_summary_best.csv",
    "selected_rois": "dataset_runs\\run_008\\selected_rois.json",
    "chart_corners": "dataset_runs\\run_008\\chart_corners.json",
    "overlay": "dataset_runs\\run_008\\04_best_overlay.png"
  }
}