count,before_mean_deltaE,base_mean_deltaE,model_mean_deltaE,before_median_deltaE,base_median_deltaE,model_median_deltaE,before_max_deltaE,base_max_deltaE,model_max_deltaE,model_p95_deltaE,classification_acc,harm_vs_before_rate,harm_vs_base_rate,alpha
1280,15.931540340816309,9.902912509658464,5.813965756705029,15.644741191726723,8.190277385553795,5.0640445755278325,40.24673339127034,29.561627367077705,17.354112559150092,11.881255077761107,0.2421875,0.13359375,0.2984375,0.1
1280,15.931540340816309,9.902912509658464,5.801639555178957,15.644741191726723,8.190277385553795,5.044082063054325,40.24673339127034,29.561627367077705,17.36917621562437,11.872905615447365,0.24375,0.1328125,0.29765625,1.0
1280,15.931540340816309,9.902912509658464,5.780813393943712,15.644741191726723,8.190277385553795,5.006166185627844,40.24673339127034,29.561627367077705,17.375862613538775,11.9698598438017,0.2484375,0.13125,0.2953125,3.0
1280,15.931540340816309,9.902912509658464,5.780594482646201,15.644741191726723,8.190277385553795,4.984530905034955,40.24673339127034,29.561627367077705,17.388162357735613,11.918846727918707,0.253125,0.1234375,0.2953125,10.0
1280,15.931540340816309,9.902912509658464,5.887943480330655,15.644741191726723,8.190277385553795,5.158031010527189,40.24673339127034,29.561627367077705,17.424198026747703,12.017350213893256,0.25,0.12421875,0.29296875,30.0
1280,15.931540340816309,9.902912509658464,6.189840976280129,15.644741191726723,8.190277385553795,5.599403320551304,40.24673339127034,29.561627367077705,17.53100114682273,12.42115096947649,0.23671875,0.1359375,0.31953125,100.0
1280,15.931540340816309,9.902912509658464,6.5430204672111305,15.644741191726723,8.190277385553795,6.106791804644226,40.24673339127034,29.561627367077705,17.70600571785512,12.69657016808767,0.20234375,0.15390625,0.34453125,300.0
1280,15.931540340816309,9.902912509658464,6.869135589167141,15.644741191726723,8.190277385553795,6.488267420837795,40.24673339127034,29.561627367077705,17.972442652169196,12.768008270179331,0.1875,0.1625,0.36953125,1000.0
