group,count,before_mean_deltaE,root_mean_deltaE,final_mean_deltaE,final_max_deltaE,classification_acc,harm_rate
W001-W016,16,19.16889269001239,14.252961877785893,14.46184121534926,20.183505289248235,0.0,0.0
W017-W032,16,28.718006435931763,23.768405951628374,23.70712566685112,29.561627367077705,0.0,0.0
W033-W048,16,24.754927570454402,19.844734521573038,19.6859098395107,24.224430888127458,0.0,0.0
W049-W064,16,22.648570472507377,19.082005149088403,18.89397452054319,25.31152349589547,0.0,0.0
W065-W080,16,21.169842318026667,15.080139256673483,14.77381718380518,21.681701449198886,0.0,0.0
W081-W096,16,12.75241701447182,5.201275454842975,5.117812623341241,10.749255442713494,0.1875,0.0
W097-W112,16,8.771149276213837,7.976545442985927,7.776275118898834,17.41733144934482,0.0625,0.1875
W113-W128,16,12.230473935847956,6.972335077564854,6.3964408252224265,13.908275310240956,0.1875,0.0
