group,count,before_mean_deltaE,root_mean_deltaE,final_mean_deltaE,final_max_deltaE,classification_acc,harm_rate
W001-W016,16,13.63478863510015,6.345567891094907,6.880991691228159,11.195411029335489,0.375,0.0
W017-W032,16,16.19739619417659,4.63784730992252,4.846035037622702,8.091775127479224,0.375,0.0
W033-W048,16,15.92578462008693,4.313604443715846,4.433973218379647,10.422706345821897,0.25,0.0
W049-W064,16,14.77345182617305,4.005655623328677,4.164780934031683,8.174091798351677,0.375,0.0
W065-W080,16,16.133843105219935,4.561397013221863,4.5615029367198625,7.480152206089242,0.125,0.0
W081-W096,16,14.021642976442664,6.953621825896777,7.4633968607410655,9.114565696918808,0.0,0.0
W097-W112,16,12.395301360890064,3.5757348328978376,3.8974546355662687,6.289444854892111,0.25,0.0
W113-W128,16,16.891817378401846,3.8921965198055046,3.6341576198364507,5.293566232144829,0.5625,0.0
