group,count,before_mean_deltaE,root_mean_deltaE,final_mean_deltaE,final_max_deltaE,classification_acc,harm_rate
W001-W016,16,16.71994994759131,9.62074742296926,9.591885323540872,13.997873658054202,0.0625,0.0
W017-W032,16,18.267800625262552,12.406108107337463,12.318982852606664,18.567235483649547,0.0,0.0
W033-W048,16,14.711149371819133,10.646293249009952,10.372115412306876,14.49944789075425,0.0,0.0
W049-W064,16,9.7829468248507,8.555991655425597,8.392814649196854,16.60126439176274,0.0,0.25
W065-W080,16,11.254024128416724,6.534289700953515,6.328737059914076,12.366473297256121,0.3125,0.0625
W081-W096,16,8.491310173468088,3.274738481798838,3.350041477348387,5.22399002772241,0.25,0.0
W097-W112,16,4.824595202066708,3.7072529936663403,3.6338898311852823,6.873575429122405,0.3125,0.1875
W113-W128,16,5.197185188072515,3.1506732595929723,3.1013679318413017,5.234107668667327,0.625,0.1875
