group,count,before_mean_deltaE,root_mean_deltaE,final_mean_deltaE,final_max_deltaE,classification_acc,harm_rate
W001-W016,16,15.754941336765418,8.963658488218751,9.134725424686632,14.420182443259584,0.0,0.0
W017-W032,16,19.167768052827196,12.096400261901096,11.997565201318627,18.338390973711405,0.0625,0.0
W033-W048,16,18.64400610640754,11.029095820405097,10.69412618430879,16.499324530011446,0.0625,0.0625
W049-W064,16,18.38488619654204,11.906602629095108,11.488280100405426,17.379591636448108,0.0625,0.0625
W065-W080,16,16.317067248912817,7.902595211859043,7.735285988667489,13.340941640359954,0.125,0.0625
W081-W096,16,12.907487916868485,4.31104778248574,5.535285677997915,13.618804066105909,0.0,0.0625
W097-W112,16,13.374145184819284,8.697308101938903,8.860095846164459,17.651190119979248,0.1875,0.1875
W113-W128,16,15.418314561242429,6.638506491863642,6.269007132953005,15.228032041589042,0.1875,0.0625
